Unnamed: 0,average_speed,max_speed,average_heartrate,max_heartrate,distance,elapsed_time,moving_time,total_elevation_gain,elev_high,type,start_date_local,kudos_count,age,gender,height_cm,weight_kg
0,3.142,5.3,,,11443.2,1:03:50,1:00:42,73.0,115.0,Run,2020-01-18T12:00:36,12,"[35, 50)",male,"[170, 200)","[70, 100)"
2,3.273,4.0,,,8854.8,0:45:32,0:45:05,16.0,117.2,Run,2020-01-13T18:37:29,3,"[35, 50)",male,"[170, 200)","[70, 100)"
4,3.222,4.0,,,7659.5,0:41:33,0:39:37,12.0,107.4,Run,2020-01-08T18:37:24,17,"[20, 35)",male,"[170, 200)","[70, 100)"
7,3.181,5.0,158.3,166.0,8960.2,0:46:57,0:46:57,249.0,107.8,Run,2020-01-04T10:59:50,27,"[35, 50)",male,"[170, 200)","[40, 70)"
8,2.727,3.8,127.4,140.0,1848.8,0:16:25,0:11:18,41.0,226.0,Run,2020-01-04T10:34:54,11,"[20, 35)",female,"[140, 170)","[70, 100)"
9,3.254,5.0,,,7982.2,0:42:20,0:40:53,2.0,136.6,Run,2020-01-03T18:11:25,17,"[35, 50)",male,"[170, 200)","[40, 70)"
12,1.913,4.6,,,13684.4,2:04:42,1:59:13,911.0,1436.4,Run,2019-12-31T09:13:34,16,"[35, 50)",male,"[170, 200)","[70, 100)"
15,2.662,3.8,,,5329.9,0:35:53,0:33:22,165.0,681.0,Run,2019-12-28T16:32:31,7,"[20, 35)",male,"[170, 200)","[70, 100)"
16,1.584,5.2,107.0,133.0,11602.0,2:28:38,2:02:03,172.0,955.0,Run,2019-12-28T11:04:28,17,"[20, 35)",male,"[170, 200)","[70, 100)"
17,2.922,6.1,,,5168.7,0:31:59,0:29:29,107.0,671.2,Run,2019-12-27T16:11:12,10,"[35, 50)",female,"[140, 170)","[70, 100)"
21,2.904,5.1,,,9096.6,0:52:55,0:52:12,32.0,71.8,Run,2019-12-24T15:28:16,8,"[20, 35)",male,"[170, 200)","[40, 70)"
22,2.782,3.6,,,4784.5,0:32:51,0:28:40,25.0,128.2,Run,2019-12-22T13:39:55,2,"[35, 50)",female,"[140, 170)","[70, 100)"
23,3.0,5.0,,,16246.0,1:38:26,1:30:15,117.0,127.4,Run,2019-12-21T13:05:03,10,"[20, 35)",male,"[170, 200)","[70, 100)"
24,3.092,5.9,132.8,169.0,9708.0,0:52:38,0:52:20,22.0,102.6,Run,2019-12-20T18:57:47,6,"[20, 35)",male,"[170, 200)","[70, 100)"
25,3.596,7.8,,,13744.8,1:04:25,1:03:42,57.7,96.8,Run,2019-12-19T19:47:26,6,"[35, 50)",male,"[170, 200)","[70, 100)"
26,3.037,4.2,,,9684.7,0:54:23,0:53:09,29.0,45.2,Run,2019-12-18T18:45:09,3,"[20, 35)",male,"[170, 200)","[70, 100)"
27,3.041,4.5,,,5792.9,0:54:43,0:31:45,11.0,76.6,Run,2019-12-15T10:42:40,11,"[35, 50)",male,"[170, 200)","[70, 100)"
28,2.284,3.0,,,440.9,0:04:11,0:03:13,0.0,101.2,Run,2019-12-14T11:27:40,7,"[20, 35)",male,"[170, 200)","[70, 100)"
30,2.554,4.3,,,2941.8,0:22:45,0:19:12,59.0,122.8,Run,2019-12-14T10:04:52,11,"[20, 35)",male,"[170, 200)","[70, 100)"
32,3.583,6.9,,,11687.3,0:54:37,0:54:22,26.0,98.2,Run,2019-12-11T19:44:30,10,"[35, 50)",male,"[170, 200)","[70, 100)"
33,1.358,2.4,,,3000.1,0:36:50,0:36:50,0.0,-8.2,Run,2019-12-10T18:39:59,6,"[20, 35)",male,"[170, 200)","[70, 100)"
34,2.992,3.8,,,5804.0,0:35:15,0:32:20,7.0,109.8,Run,2019-12-09T18:56:12,6,"[35, 50)",male,"[170, 200)","[70, 100)"
35,2.899,3.9,,,11918.8,1:15:26,1:08:31,33.0,98.2,Run,2019-12-08T11:13:15,13,"[20, 35)",male,"[170, 200)","[70, 100)"
39,2.98,5.6,134.6,165.0,8879.7,0:51:10,0:49:40,9.0,95.0,Run,2019-12-03T18:05:06,11,"[35, 50)",male,"[170, 200)","[70, 100)"
40,1.802,4.8,,,5329.7,0:54:14,0:49:17,459.0,546.0,Run,2019-12-01T10:30:35,11,"[35, 50)",male,"[170, 200)","[40, 70)"
43,2.786,4.4,,,1351.4,0:10:01,0:08:05,19.0,918.6,Run,2019-11-30T13:18:20,7,"[20, 35)",male,"[170, 200)","[70, 100)"
44,2.072,4.4,,,3359.5,0:27:01,0:27:01,465.0,923.2,Run,2019-11-30T12:29:30,9,"[20, 35)",male,"[170, 200)","[70, 100)"
45,3.318,4.9,,,7647.8,0:39:08,0:38:25,56.0,110.0,Run,2019-11-28T12:07:41,7,"[20, 35)",male,"[170, 200)","[70, 100)"
46,1.37,2.3,118.7,127.0,3092.1,0:37:37,0:37:37,0.0,144.4,Run,2019-11-26T19:02:17,9,"[20, 35)",male,"[170, 200)","[70, 100)"
47,3.393,4.3,,,9685.7,0:47:58,0:47:35,7.0,90.8,Run,2019-11-25T19:38:42,9,"[35, 50)",male,"[170, 200)","[70, 100)"
48,1.283,5.3,,,11095.4,3:04:59,2:24:06,702.0,947.4,Hike,2019-11-23T10:31:54,14,"[35, 50)",male,"[170, 200)","[70, 100)"
50,3.263,4.8,,,6473.5,0:36:27,0:33:04,9.0,79.6,Run,2019-11-19T18:36:33,6,"[35, 50)",female,"[140, 170)","[70, 100)"
51,2.035,4.8,135.2,158.0,9342.8,1:21:20,1:16:31,674.0,1001.4,Run,2019-11-17T08:45:09,20,"[20, 35)",female,"[140, 170)","[70, 100)"
52,2.301,5.8,,,11904.3,1:28:47,1:26:13,799.0,941.2,Run,2019-11-16T12:34:53,16,"[20, 35)",female,"[140, 170)","[70, 100)"
53,2.979,3.9,,,8394.1,0:49:38,0:46:58,33.0,88.8,Run,2019-11-14T18:15:43,7,"[35, 50)",female,"[140, 170)","[70, 100)"
54,3.366,6.0,,,7680.6,0:41:05,0:38:02,7.0,94.6,Run,2019-11-12T18:34:28,5,"[35, 50)",female,"[140, 170)","[70, 100)"
56,3.19,4.2,,,7704.0,0:46:34,0:40:15,8.0,90.0,Run,2019-11-09T16:35:35,9,"[20, 35)",male,"[170, 200)","[70, 100)"
59,3.086,4.8,144.0,157.0,9076.5,0:49:01,0:49:01,179.0,987.8,Run,2019-11-03T09:20:39,17,"[35, 50)",female,"[140, 170)","[70, 100)"
62,3.445,7.8,,,11836.5,1:05:35,0:57:16,178.0,970.4,Run,2019-11-01T16:12:12,16,"[20, 35)",male,"[170, 200)","[70, 100)"
63,1.222,3.1,,,6327.0,2:22:35,1:26:19,292.0,1062.4,Hike,2019-11-01T10:46:13,13,"[20, 35)",female,"[140, 170)","[70, 100)"
64,3.396,5.2,,,9055.9,0:50:02,0:44:27,37.0,35.2,Run,2019-10-29T18:33:08,9,"[35, 50)",male,"[170, 200)","[70, 100)"
65,3.305,4.2,,,2158.3,0:10:58,0:10:53,2.0,29.8,Run,2019-10-28T18:18:38,3,"[35, 50)",male,"[170, 200)","[40, 70)"
66,3.038,4.2,,,12510.6,1:37:21,1:08:38,28.0,80.4,Run,2019-10-27T10:50:32,12,"[20, 35)",male,"[170, 200)","[40, 70)"
67,2.839,3.7,,,5464.5,0:46:07,0:32:05,18.0,92.0,Run,2019-10-26T12:16:09,7,"[35, 50)",male,"[170, 200)","[70, 100)"
68,3.191,3.8,,,5648.5,0:37:30,0:29:30,6.0,84.4,Run,2019-10-23T18:47:50,4,"[35, 50)",male,"[170, 200)","[70, 100)"
69,3.255,5.8,,,10783.3,2:00:05,0:55:13,20.0,79.0,Run,2019-10-22T14:29:38,14,"[20, 35)",male,"[170, 200)","[70, 100)"
72,3.136,4.2,,,6604.7,0:40:13,0:35:06,19.0,78.6,Run,2019-10-20T09:31:40,10,"[35, 50)",male,"[170, 200)","[70, 100)"
75,1.072,2.0,,,18605.5,7:27:31,4:49:08,1135.0,1839.4,Hike,2019-10-13T09:13:37,18,"[35, 50)",male,"[170, 200)","[70, 100)"
77,3.16,4.2,,,9840.1,0:54:05,0:51:54,35.0,103.2,Run,2019-10-08T16:59:51,8,"[20, 35)",male,"[170, 200)","[70, 100)"
78,5.457,8.0,,,12098.8,0:42:08,0:36:57,34.0,69.4,Ride,2019-10-07T07:57:28,5,"[35, 50)",male,"[170, 200)","[70, 100)"
80,3.096,3.7,,,6742.3,0:37:16,0:36:18,46.0,97.2,Run,2019-10-04T18:36:32,9,"[20, 35)",male,"[170, 200)","[70, 100)"
81,3.054,4.1,,,8606.4,0:49:10,0:46:58,49.0,65.0,Run,2019-10-03T18:26:59,10,"[35, 50)",male,"[170, 200)","[40, 70)"
84,3.058,3.5,,,7448.3,0:43:12,0:40:36,14.0,128.8,Run,2019-09-26T18:34:17,11,"[20, 35)",male,"[170, 200)","[70, 100)"
86,3.205,4.0,,,5984.6,0:32:37,0:31:07,11.0,82.6,Run,2019-09-19T18:10:20,4,"[35, 50)",female,"[140, 170)","[70, 100)"
87,4.03,7.1,,,8677.5,1:29:53,0:35:53,16.0,75.6,Ride,2019-09-18T15:07:22,2,"[35, 50)",male,"[170, 200)","[70, 100)"
89,4.92,7.4,,,5992.4,0:23:00,0:20:18,9.0,75.4,Ride,2019-09-17T06:57:50,6,"[35, 50)",male,"[170, 200)","[70, 100)"
92,4.384,7.6,,,15527.0,1:06:35,0:59:02,31.0,101.6,Ride,2019-09-12T19:14:13,9,"[20, 35)",female,"[140, 170)","[70, 100)"
96,1.314,7.2,,,57045.2,12:03:45,12:03:23,3230.0,2104.2,Run,2019-08-28T21:21:13,13,"[35, 50)",male,"[170, 200)","[70, 100)"
97,1.72,5.1,,,92685.4,16:50:32,14:58:14,5512.0,2551.0,Run,2019-08-28T04:01:22,32,"[35, 50)",male,"[170, 200)","[70, 100)"
98,2.89,6.3,,,5163.8,0:34:47,0:29:47,62.0,1228.0,Run,2019-08-26T12:10:33,6,"[35, 50)",female,"[140, 170)","[70, 100)"
99,3.252,4.7,,,5177.3,0:33:56,0:26:32,70.0,1194.8,Run,2019-08-25T15:00:15,10,"[20, 35)",male,"[170, 200)","[70, 100)"
101,3.032,4.4,,,5966.8,0:34:22,0:32:48,87.0,1185.8,Run,2019-08-23T18:12:31,8,"[20, 35)",female,"[140, 170)","[70, 100)"
102,1.247,3.8,,,5128.9,1:33:37,1:08:32,511.0,1715.2,Run,2019-08-21T10:20:39,6,"[20, 35)",male,"[170, 200)","[70, 100)"
103,2.061,4.6,,,8826.7,1:12:16,1:11:22,621.0,1701.2,Run,2019-08-20T10:22:46,21,"[20, 35)",male,"[170, 200)","[70, 100)"
104,2.822,3.4,,,931.3,0:05:32,0:05:30,2.0,125.8,Run,2019-08-19T10:38:08,5,"[20, 35)",female,"[140, 170)","[70, 100)"
107,3.103,4.1,140.1,154.0,14605.5,1:19:43,1:18:27,111.0,109.4,Run,2019-08-15T11:27:15,8,"[35, 50)",male,"[170, 200)","[40, 70)"
108,1.189,3.6,,,4617.1,1:04:46,1:04:44,8.0,123.8,Run,2019-08-13T06:15:52,1,"[35, 50)",female,"[140, 170)","[70, 100)"
109,4.351,7.3,,,43225.8,5:10:23,2:45:35,133.0,94.8,Ride,2019-08-11T13:54:39,12,"[20, 35)",male,"[170, 200)","[70, 100)"
112,6.214,8.9,,,12018.8,0:46:41,0:32:14,34.0,91.2,Ride,2019-08-08T08:02:31,5,"[35, 50)",male,"[170, 200)","[40, 70)"
115,4.231,8.9,,,2399.0,0:09:27,0:09:27,3.0,96.6,Ride,2019-08-07T19:36:46,3,"[35, 50)",female,"[140, 170)","[70, 100)"
116,4.453,6.1,,,1883.8,0:07:03,0:07:03,4.0,89.4,Ride,2019-08-07T17:50:01,2,"[35, 50)",male,"[170, 200)","[70, 100)"
117,3.279,4.3,,,10067.8,0:54:54,0:51:10,21.0,101.0,Run,2019-08-07T12:45:21,8,"[20, 35)",male,"[170, 200)","[70, 100)"
118,3.003,3.7,,,1630.9,0:09:03,0:09:03,3.0,87.4,Run,2019-08-06T14:22:23,10,"[35, 50)",male,"[170, 200)","[70, 100)"
119,3.158,3.8,,,7033.9,0:42:12,0:37:07,23.0,97.4,Run,2019-08-06T12:55:06,13,"[35, 50)",female,"[140, 170)","[70, 100)"
121,3.004,4.1,,,10100.8,1:21:43,0:56:02,28.0,83.4,Run,2019-08-03T15:25:16,10,"[20, 35)",male,"[170, 200)","[70, 100)"
122,2.921,5.1,,,7996.7,0:47:16,0:45:38,75.0,117.2,Run,2019-08-02T17:09:03,10,"[35, 50)",male,"[170, 200)","[70, 100)"
123,3.162,4.0,,,6501.2,0:39:15,0:34:16,4.0,74.0,Run,2019-08-02T12:34:24,7,"[20, 35)",male,"[170, 200)","[70, 100)"
124,6.168,8.4,,,12034.2,0:35:21,0:32:31,40.0,61.8,Ride,2019-08-01T08:05:34,3,"[35, 50)",male,"[170, 200)","[70, 100)"
126,4.775,8.5,95.7,133.0,39422.3,3:45:29,2:17:36,112.0,85.2,Ride,2019-07-28T13:30:36,10,"[20, 35)",female,"[140, 170)","[70, 100)"
127,3.28,4.4,,,8921.2,0:46:49,0:45:20,60.0,122.4,Run,2019-07-27T10:38:15,4,"[20, 35)",male,"[170, 200)","[40, 70)"
128,4.434,7.3,,,12411.1,3:07:15,0:46:39,34.0,167.8,Ride,2019-07-26T15:57:29,5,"[35, 50)",female,"[140, 170)","[70, 100)"
129,4.655,6.9,,,12596.1,0:50:18,0:45:06,27.0,110.8,Ride,2019-07-26T14:19:07,1,"[20, 35)",male,"[170, 200)","[40, 70)"
132,0.0,0.0,125.0,152.0,0.0,1:06:49,1:06:49,0.0,124.0,Ride,2019-07-24T19:05:20,8,"[20, 35)",female,"[140, 170)","[70, 100)"
133,0.612,1.3,,,1675.0,0:49:12,0:45:37,0.0,,Swim,2019-07-23T19:03:18,17,"[35, 50)",female,"[140, 170)","[70, 100)"
134,3.301,6.0,,,9403.9,0:48:48,0:47:29,18.0,94.2,Run,2019-07-22T19:30:46,9,"[20, 35)",male,"[170, 200)","[70, 100)"
137,3.315,5.8,,,6152.1,0:33:31,0:30:56,13.0,101.4,Run,2019-07-19T19:44:08,4,"[20, 35)",male,"[170, 200)","[70, 100)"
138,4.205,6.4,,,20718.1,1:41:38,1:22:07,66.0,100.2,Ride,2019-07-19T12:41:23,5,"[35, 50)",male,"[170, 200)","[40, 70)"
139,3.369,4.8,,,10438.7,0:52:31,0:51:38,12.0,110.4,Run,2019-07-18T16:51:28,8,"[20, 35)",male,"[170, 200)","[70, 100)"
143,2.784,3.2,,,456.6,0:02:44,0:02:44,0.0,131.8,Run,2019-07-14T12:45:36,4,"[35, 50)",male,"[170, 200)","[70, 100)"
144,2.868,7.0,,,9184.9,1:03:28,0:53:23,261.0,152.8,Run,2019-07-13T09:16:59,9,"[35, 50)",male,"[170, 200)","[70, 100)"
145,1.869,4.9,,,5675.3,1:03:31,0:50:36,76.0,105.8,Run,2019-07-10T19:05:16,1,"[35, 50)",male,"[170, 200)","[70, 100)"
146,1.504,4.1,,,6449.5,1:14:57,1:11:29,109.0,131.8,Run,2019-07-09T06:20:41,4,"[20, 35)",male,"[170, 200)","[70, 100)"
147,2.479,3.6,,,1031.3,0:09:09,0:06:56,25.0,32.6,Run,2019-07-09T06:06:22,2,"[20, 35)",male,"[170, 200)","[70, 100)"
149,5.365,7.2,,,11776.5,0:41:49,0:36:35,14.0,86.6,Ride,2019-07-06T17:33:11,3,"[35, 50)",female,"[140, 170)","[70, 100)"
150,3.108,4.1,,,10636.3,1:01:28,0:57:02,95.0,122.8,Run,2019-07-06T15:12:13,7,"[35, 50)",male,"[170, 200)","[70, 100)"
151,4.716,7.8,,,16702.9,1:02:35,0:59:02,45.0,94.8,Ride,2019-07-05T19:04:20,4,"[35, 50)",male,"[170, 200)","[70, 100)"
152,2.644,4.1,,,6320.7,0:39:57,0:39:51,240.0,120.2,Run,2019-07-03T18:45:02,5,"[20, 35)",female,"[140, 170)","[70, 100)"
155,3.075,4.0,,,8181.9,0:44:51,0:44:21,14.0,104.4,Run,2019-06-30T19:56:29,7,"[20, 35)",male,"[170, 200)","[70, 100)"
158,1.042,1.9,,,6837.9,2:13:05,1:49:20,295.0,1193.6,Hike,2019-06-22T16:42:52,2,"[20, 35)",female,"[140, 170)","[70, 100)"
159,1.979,4.6,,,20656.0,3:12:23,2:53:57,1262.0,1824.0,Run,2019-06-21T16:03:20,14,"[35, 50)",female,"[140, 170)","[70, 100)"
160,3.291,4.4,,,5650.8,0:34:54,0:28:37,4.0,86.6,Run,2019-06-18T16:29:15,6,"[20, 35)",male,"[170, 200)","[70, 100)"
162,4.968,7.6,,,20784.6,1:23:07,1:09:44,66.0,81.8,Ride,2019-06-17T13:28:20,6,"[35, 50)",male,"[170, 200)","[70, 100)"
163,3.133,4.0,,,9087.5,0:48:45,0:48:21,57.0,119.4,Run,2019-06-15T17:32:25,4,"[20, 35)",male,"[170, 200)","[70, 100)"
165,4.603,6.9,,,15022.8,0:57:27,0:54:24,33.0,97.6,Ride,2019-06-14T09:28:11,4,"[35, 50)",female,"[140, 170)","[70, 100)"
166,1.804,3.7,,,3810.9,0:40:36,0:35:13,50.0,1369.6,Run,2019-06-08T20:49:49,5,"[35, 50)",male,"[170, 200)","[70, 100)"
168,3.23,4.2,,,5923.3,0:31:13,0:30:34,6.0,89.4,Run,2019-06-05T17:35:51,2,"[20, 35)",male,"[170, 200)","[70, 100)"
169,2.874,4.1,,,8549.5,1:45:53,0:49:35,33.0,74.0,Run,2019-06-04T18:00:49,6,"[20, 35)",male,"[170, 200)","[40, 70)"
170,3.097,4.6,,,8415.6,0:48:16,0:45:17,9.0,49.2,Run,2019-05-31T18:08:48,6,"[20, 35)",male,"[170, 200)","[70, 100)"
171,3.472,5.1,,,21358.4,1:49:23,1:42:32,50.0,43.0,Run,2019-05-30T18:23:03,8,"[20, 35)",male,"[170, 200)","[70, 100)"
173,2.805,11.8,,,8601.5,0:59:52,0:51:06,8.0,302.4,Run,2019-05-28T06:13:59,7,"[35, 50)",male,"[170, 200)","[40, 70)"
174,3.076,5.9,,,7266.0,0:40:07,0:39:22,22.0,103.0,Run,2019-05-26T16:08:42,6,"[35, 50)",female,"[140, 170)","[70, 100)"
175,3.724,5.9,,,12946.3,1:12:18,0:57:56,37.0,94.0,Ride,2019-05-26T09:04:58,4,"[35, 50)",female,"[140, 170)","[70, 100)"
178,3.109,4.2,,,14533.3,1:25:52,1:17:54,255.0,133.2,Run,2019-05-22T18:08:33,10,"[20, 35)",male,"[170, 200)","[40, 70)"
180,2.434,5.8,,,6503.2,0:52:46,0:44:32,433.5,905.9,Run,2019-05-19T10:04:32,8,"[35, 50)",female,"[140, 170)","[70, 100)"
182,1.689,2.3,,,846.2,0:08:21,0:08:21,98.0,563.0,Run,2019-05-19T08:39:10,6,"[20, 35)",male,"[170, 200)","[70, 100)"
183,1.178,2.2,,,12344.7,4:05:29,2:54:43,573.0,952.4,Hike,2019-05-18T09:16:18,18,"[35, 50)",female,"[140, 170)","[70, 100)"
184,1.609,4.2,,,5563.3,1:02:20,0:57:38,14.0,141.0,Run,2019-05-17T06:02:26,3,"[20, 35)",male,"[170, 200)","[40, 70)"
185,3.642,4.7,,,12995.5,1:00:43,0:59:28,48.0,111.0,Run,2019-05-16T19:12:41,9,"[35, 50)",female,"[140, 170)","[70, 100)"
187,3.215,5.4,,,5016.0,0:26:00,0:26:00,198.0,123.0,Run,2019-05-14T19:01:43,13,"[20, 35)",female,"[140, 170)","[70, 100)"
188,2.623,3.8,,,1696.8,0:34:13,0:10:47,19.0,91.6,Run,2019-05-14T18:21:24,7,"[20, 35)",male,"[170, 200)","[70, 100)"
189,3.39,3.8,,,1101.8,0:13:52,0:05:25,1.0,100.8,Run,2019-05-12T13:48:53,3,"[20, 35)",female,"[140, 170)","[70, 100)"
190,2.89,4.5,,,15007.0,1:26:33,1:26:33,395.0,116.0,Run,2019-05-12T12:08:44,15,"[20, 35)",female,"[140, 170)","[70, 100)"
192,3.34,8.4,,,14144.4,1:36:29,1:10:35,58.0,123.2,Run,2019-05-11T14:29:31,10,"[35, 50)",male,"[170, 200)","[70, 100)"
193,3.225,4.9,,,12541.4,1:06:43,1:04:49,37.6,116.4,Run,2019-05-10T17:32:51,10,"[20, 35)",male,"[170, 200)","[70, 100)"
194,3.338,5.1,,,6615.8,0:33:51,0:33:02,17.6,96.9,Run,2019-05-09T16:38:00,7,"[35, 50)",male,"[170, 200)","[40, 70)"
195,3.292,5.2,,,11891.0,1:06:33,1:00:12,69.4,117.3,Run,2019-05-08T18:35:21,9,"[35, 50)",male,"[170, 200)","[40, 70)"
196,3.037,4.4,,,7903.2,0:43:50,0:43:22,8.0,107.0,Run,2019-05-07T17:31:25,5,"[20, 35)",male,"[170, 200)","[70, 100)"
201,3.022,4.1,,,4254.7,0:24:12,0:23:28,79.0,858.2,Run,2019-05-02T18:44:56,6,"[35, 50)",male,"[170, 200)","[70, 100)"
203,1.256,9.6,,,9171.6,2:16:47,2:01:44,528.0,1063.0,Hike,2019-04-26T12:49:54,11,"[35, 50)",male,"[170, 200)","[70, 100)"
205,3.273,5.8,,,22543.7,1:54:48,1:54:10,17469.0,12604.6,Run,2019-04-13T11:16:43,19,"[20, 35)",male,"[170, 200)","[40, 70)"
206,1.743,4.9,,,6233.7,1:01:54,0:59:36,23.0,108.0,Run,2019-04-10T06:03:19,9,"[35, 50)",female,"[140, 170)","[70, 100)"
207,2.987,3.9,,,3634.6,0:20:52,0:20:17,1.0,96.4,Run,2019-04-09T18:40:59,8,"[35, 50)",female,"[140, 170)","[70, 100)"
212,3.026,6.1,,,5368.8,0:30:32,0:29:34,14.0,97.4,Run,2019-04-05T17:36:32,3,"[35, 50)",male,"[170, 200)","[70, 100)"
214,5.622,8.3,,,21294.6,1:07:17,1:03:08,78.0,77.8,Ride,2019-04-03T18:31:26,10,"[20, 35)",female,"[140, 170)","[70, 100)"
215,3.304,4.5,,,9055.3,"1 day, 1:11:23",0:45:41,71.0,114.0,Run,2019-04-02T17:19:47,12,"[35, 50)",female,"[140, 170)","[70, 100)"
218,3.604,6.7,,,9284.5,1:02:58,0:42:56,19.0,81.8,Run,2019-03-29T16:28:03,10,"[20, 35)",male,"[170, 200)","[40, 70)"
219,3.156,3.7,,,6738.8,0:35:53,0:35:35,18.0,87.2,Run,2019-03-28T18:23:11,8,"[35, 50)",male,"[170, 200)","[70, 100)"
222,2.957,4.3,73.3,74.0,10864.3,1:02:03,1:01:14,428.0,123.8,Run,2019-03-24T12:07:59,15,"[35, 50)",male,"[170, 200)","[40, 70)"
226,1.197,5.3,,,3866.9,0:54:54,0:53:51,192.0,119.8,Run,2019-03-20T06:07:26,5,"[35, 50)",male,"[170, 200)","[70, 100)"
228,3.443,4.0,,,7764.1,0:37:49,0:37:35,5.0,83.0,Run,2019-03-18T18:34:40,4,"[20, 35)",female,"[140, 170)","[70, 100)"
229,2.349,4.7,,,2619.1,0:19:50,0:18:35,155.0,638.6,Run,2019-03-16T11:14:23,8,"[35, 50)",male,"[170, 200)","[70, 100)"
231,1.487,5.6,,,21820.4,4:33:01,4:04:32,18957.0,12604.6,Run,2019-03-15T10:21:22,22,"[35, 50)",female,"[140, 170)","[70, 100)"
232,3.196,5.2,,,7666.8,0:45:20,0:39:59,47.0,503.2,Run,2019-03-13T16:36:38,11,"[35, 50)",male,"[170, 200)","[70, 100)"
233,3.451,6.3,,,21783.7,1:50:15,1:45:13,5302.0,5176.4,Run,2019-03-10T16:51:20,9,"[20, 35)",male,"[170, 200)","[70, 100)"
235,3.056,3.8,145.1,165.0,1182.6,0:06:27,0:06:27,4.0,74.0,Run,2019-03-09T12:09:04,3,"[35, 50)",male,"[170, 200)","[40, 70)"
237,3.229,4.1,129.2,150.0,3919.7,0:23:10,0:20:14,9.0,80.6,Run,2019-03-09T11:25:43,6,"[35, 50)",male,"[170, 200)","[70, 100)"
238,3.14,4.2,,,7457.5,0:44:09,0:39:35,33.0,138.8,Run,2019-03-08T11:36:22,8,"[20, 35)",male,"[170, 200)","[40, 70)"
239,3.41,5.3,,,8641.8,0:42:21,0:42:14,0.0,3130.6,Run,2019-03-07T18:46:38,5,"[35, 50)",male,"[170, 200)","[70, 100)"
241,3.619,5.5,,,11878.2,0:54:42,0:54:42,22.0,99.0,Run,2019-03-05T19:16:33,7,"[20, 35)",male,"[170, 200)","[40, 70)"
243,3.469,4.6,,,12701.0,1:08:22,1:01:01,62.0,254.8,Run,2019-03-03T09:18:07,11,"[35, 50)",male,"[170, 200)","[70, 100)"
244,3.365,4.5,,,8660.5,0:55:10,0:42:54,47.0,252.2,Run,2019-03-02T19:09:02,6,"[20, 35)",male,"[170, 200)","[70, 100)"
245,3.353,6.0,,,6712.2,0:33:48,0:33:22,21.0,211.6,Run,2019-03-01T18:30:18,8,"[20, 35)",male,"[170, 200)","[70, 100)"
246,1.606,5.1,,,5870.0,1:03:43,1:00:56,19.0,342.4,Run,2019-02-28T06:08:48,5,"[20, 35)",male,"[170, 200)","[70, 100)"
247,3.167,0.0,,,3800.0,0:20:00,0:20:00,0.0,,Run,2019-02-27T20:21:52,2,"[20, 35)",male,"[170, 200)","[40, 70)"
249,1.933,0.0,,,5800.0,0:50:00,0:50:00,0.0,,Run,2019-02-26T18:50:00,3,"[35, 50)",male,"[170, 200)","[70, 100)"
250,1.667,0.0,,,3100.0,0:31:00,0:31:00,0.0,,Run,2019-02-25T18:31:46,0,"[20, 35)",female,"[140, 170)","[70, 100)"
251,3.303,4.4,,,19547.0,1:47:40,1:38:38,108.0,112.6,Run,2019-02-24T10:20:25,9,"[35, 50)",female,"[140, 170)","[70, 100)"
253,3.874,5.6,,,9274.9,0:39:54,0:39:54,254.0,114.2,Run,2019-02-23T10:59:59,15,"[35, 50)",male,"[170, 200)","[40, 70)"
254,2.984,3.7,,,2435.3,0:15:39,0:13:36,61.0,102.2,Run,2019-02-23T10:37:24,6,"[20, 35)",female,"[140, 170)","[70, 100)"
255,3.191,4.9,,,6634.2,0:34:49,0:34:39,7.0,36.8,Run,2019-02-22T21:01:15,3,"[20, 35)",male,"[170, 200)","[70, 100)"
257,3.685,6.8,,,13018.8,1:04:03,0:58:53,102.0,155.4,Run,2019-02-19T17:41:52,12,"[20, 35)",female,"[140, 170)","[70, 100)"
258,3.276,3.8,,,6666.9,0:34:11,0:33:55,17.0,102.0,Run,2019-02-18T18:04:19,7,"[35, 50)",male,"[170, 200)","[70, 100)"
259,3.641,4.9,,,8665.6,0:40:43,0:39:40,65.0,91.4,Run,2019-02-16T11:41:42,13,"[35, 50)",female,"[140, 170)","[70, 100)"
260,3.14,4.1,,,1231.0,0:06:32,0:06:32,1.0,-125.4,Run,2019-02-13T19:27:48,7,"[20, 35)",female,"[140, 170)","[70, 100)"
261,1.486,2.9,,,2819.6,0:31:38,0:31:38,0.0,-71.4,Run,2019-02-13T18:50:58,10,"[20, 35)",male,"[170, 200)","[70, 100)"
263,3.612,6.0,,,10896.2,0:50:19,0:50:17,2739.0,2335.8,Run,2019-02-12T18:46:21,14,"[20, 35)",male,"[170, 200)","[70, 100)"
264,3.378,3.9,,,6445.1,0:36:36,0:31:48,11.0,180.0,Run,2019-02-11T18:29:42,7,"[20, 35)",male,"[170, 200)","[70, 100)"
265,3.076,4.0,,,16363.4,1:34:59,1:28:40,231.0,78.6,Run,2019-02-10T10:35:16,16,"[20, 35)",male,"[170, 200)","[40, 70)"
267,3.168,5.7,,,7375.2,0:39:47,0:38:48,6.0,33.6,Run,2019-02-08T18:39:30,6,"[20, 35)",male,"[170, 200)","[70, 100)"
268,3.266,3.8,,,1286.7,0:06:34,0:06:34,2.0,-39.4,Run,2019-02-07T19:50:05,8,"[20, 35)",male,"[170, 200)","[70, 100)"
270,3.213,4.8,,,1365.4,0:07:11,0:07:05,4.0,-36.2,Run,2019-02-07T18:48:25,7,"[35, 50)",female,"[140, 170)","[70, 100)"
271,3.648,5.1,,,10288.3,0:47:17,0:47:00,8.0,10.0,Run,2019-02-06T17:54:11,10,"[20, 35)",female,"[140, 170)","[70, 100)"
272,2.409,19.4,,,9838.9,1:10:42,1:08:05,16.0,16.4,Run,2019-02-05T06:24:43,12,"[35, 50)",male,"[170, 200)","[70, 100)"
274,2.176,4.6,,,10754.2,1:29:27,1:22:22,670.0,914.2,Run,2019-02-02T12:17:05,17,"[20, 35)",male,"[170, 200)","[70, 100)"
276,1.253,2.8,,,6888.7,2:40:08,1:31:37,469.0,949.0,Hike,2019-02-01T12:21:32,10,"[35, 50)",male,"[170, 200)","[70, 100)"
278,3.442,4.1,,,6371.2,0:31:24,0:30:51,8.0,98.0,Run,2019-01-29T17:55:56,7,"[35, 50)",male,"[170, 200)","[70, 100)"
279,3.06,4.0,,,8059.8,0:52:54,0:43:54,7.0,84.2,Run,2019-01-28T18:16:15,10,"[20, 35)",male,"[170, 200)","[70, 100)"
280,2.895,3.6,,,16116.2,1:36:47,1:32:47,276.0,131.2,Run,2019-01-27T13:42:32,9,"[35, 50)",male,"[170, 200)","[70, 100)"
286,3.252,5.2,,,5791.9,0:29:43,0:29:41,7.0,185.8,Run,2019-01-23T08:23:43,6,"[20, 35)",male,"[170, 200)","[40, 70)"
287,3.309,4.2,,,1373.1,0:07:23,0:06:55,0.0,98.2,Run,2019-01-21T17:49:16,8,"[35, 50)",male,"[170, 200)","[70, 100)"
288,1.833,0.0,,,3300.0,0:30:00,0:30:00,0.0,,Run,2019-01-21T17:27:27,9,"[35, 50)",male,"[170, 200)","[70, 100)"
289,3.284,4.1,,,817.6,0:04:37,0:04:09,2.5,98.2,Run,2019-01-21T16:40:33,6,"[20, 35)",male,"[170, 200)","[70, 100)"
290,3.265,5.6,,,15590.0,1:28:28,1:19:35,204.0,122.4,Run,2019-01-20T10:11:09,13,"[20, 35)",female,"[140, 170)","[70, 100)"
291,3.462,4.2,138.1,159.0,10662.9,0:55:19,0:51:20,16.0,93.6,Run,2019-01-19T15:33:12,13,"[20, 35)",male,"[170, 200)","[70, 100)"
292,3.336,4.0,,,12032.7,1:01:24,1:00:07,26.0,61.6,Run,2019-01-18T15:33:47,10,"[20, 35)",male,"[170, 200)","[40, 70)"
295,3.05,4.1,,,16258.6,1:28:35,1:28:51,248.0,189.0,Run,2019-01-13T10:16:07,15,"[20, 35)",male,"[170, 200)","[70, 100)"
297,3.496,5.6,,,9024.2,0:43:01,0:43:01,246.0,104.2,Run,2019-01-12T10:59:58,13,"[35, 50)",female,"[140, 170)","[70, 100)"
298,2.77,3.5,,,2227.1,0:18:19,0:13:24,49.0,120.2,Run,2019-01-12T10:33:14,9,"[35, 50)",female,"[140, 170)","[70, 100)"
300,3.146,3.9,,,7436.0,0:39:28,0:39:24,81.0,70.4,Run,2019-01-10T18:01:40,10,"[20, 35)",male,"[170, 200)","[70, 100)"
301,2.63,0.0,,,7100.0,0:45:00,0:45:00,0.0,,Run,2019-01-09T19:07:17,10,"[20, 35)",male,"[170, 200)","[70, 100)"
302,2.978,3.8,,,4350.8,0:33:09,0:24:21,23.0,104.0,Run,2019-01-08T06:24:37,11,"[35, 50)",male,"[170, 200)","[70, 100)"
304,3.173,3.9,,,9812.6,0:51:37,0:51:33,86.0,103.6,Run,2019-01-05T13:32:45,11,"[35, 50)",male,"[170, 200)","[40, 70)"
305,3.197,5.5,,,8301.7,0:43:26,0:43:17,16.0,148.2,Run,2019-01-04T18:29:38,10,"[35, 50)",male,"[170, 200)","[70, 100)"
306,3.228,4.0,,,1184.5,0:08:17,0:06:07,0.0,98.1,Run,2019-01-03T19:50:02,8,"[35, 50)",male,"[170, 200)","[70, 100)"
307,2.04,0.0,,,4900.0,0:40:02,0:40:02,0.0,,Run,2019-01-03T19:39:11,13,"[20, 35)",male,"[170, 200)","[70, 100)"
309,3.242,5.1,,,5748.0,0:33:01,0:29:33,49.4,174.8,Run,2019-01-02T11:08:15,16,"[20, 35)",male,"[170, 200)","[70, 100)"
310,3.195,5.0,,,11071.7,0:58:04,0:57:45,110.5,181.1,Run,2019-01-01T12:30:09,13,"[20, 35)",male,"[170, 200)","[70, 100)"
311,3.653,0.0,,,9000.0,0:41:04,0:41:04,0.0,,Run,2018-12-31T13:26:00,8,"[35, 50)",male,"[170, 200)","[40, 70)"
312,3.12,5.4,141.7,171.0,9795.8,0:59:06,0:52:20,460.0,204.4,Run,2018-12-28T11:02:35,18,"[35, 50)",male,"[170, 200)","[70, 100)"
313,3.462,4.7,,,8832.1,0:44:55,0:42:31,29.0,51.4,Run,2018-12-27T09:08:08,10,"[35, 50)",female,"[140, 170)","[70, 100)"
314,3.282,4.3,,,7880.1,0:42:03,0:40:01,40.0,47.4,Run,2018-12-25T14:14:09,7,"[35, 50)",female,"[140, 170)","[70, 100)"
315,3.167,4.4,,,7303.9,0:52:50,0:38:26,351.0,196.2,Run,2018-12-23T13:18:37,15,"[35, 50)",female,"[140, 170)","[70, 100)"
317,3.268,3.7,,,5548.7,0:29:54,0:28:18,3.0,4.6,Run,2018-12-20T12:05:05,6,"[20, 35)",male,"[170, 200)","[70, 100)"
318,3.223,6.1,,,4673.1,0:29:26,0:24:10,30.0,27.8,Run,2018-12-17T08:30:13,8,"[35, 50)",female,"[140, 170)","[70, 100)"
319,3.48,4.2,,,7311.4,0:39:04,0:35:01,9.0,8.0,Run,2018-12-16T12:34:45,7,"[20, 35)",male,"[170, 200)","[70, 100)"
320,3.366,4.1,,,9351.0,1:05:01,0:46:18,8.0,7.8,Run,2018-12-16T10:35:37,7,"[35, 50)",male,"[170, 200)","[40, 70)"
321,3.405,3.7,130.0,140.0,1559.4,0:07:46,0:07:38,1.0,80.4,Run,2018-12-14T19:00:16,4,"[35, 50)",female,"[140, 170)","[70, 100)"
322,3.56,5.5,137.2,169.0,3325.0,0:16:50,0:15:34,3.0,82.4,Run,2018-12-14T18:43:13,5,"[20, 35)",male,"[170, 200)","[70, 100)"
324,3.122,3.6,,,1283.3,0:07:23,0:06:51,1.0,102.2,Run,2018-12-13T19:15:03,5,"[20, 35)",male,"[170, 200)","[70, 100)"
327,3.634,5.7,,,10072.1,0:46:34,0:46:12,11.0,95.0,Run,2018-12-12T18:45:45,8,"[35, 50)",female,"[140, 170)","[70, 100)"
329,3.269,3.9,,,11688.4,1:01:00,0:59:35,36.0,61.2,Run,2018-12-10T18:24:27,14,"[35, 50)",female,"[140, 170)","[70, 100)"
330,3.127,4.5,131.9,170.0,1326.0,0:07:41,0:07:04,2.0,75.2,Run,2018-12-09T12:06:21,6,"[35, 50)",male,"[170, 200)","[40, 70)"
331,4.164,5.1,164.8,181.0,5063.1,0:20:28,0:20:16,3.0,75.8,Run,2018-12-09T11:45:40,9,"[20, 35)",male,"[170, 200)","[40, 70)"
334,3.498,4.7,,,7297.2,0:35:41,0:34:46,18.0,75.8,Run,2018-12-06T19:01:41,8,"[35, 50)",male,"[170, 200)","[40, 70)"
335,3.407,3.8,,,1277.6,0:06:36,0:06:15,0.0,5.6,Run,2018-12-05T19:09:47,6,"[20, 35)",female,"[140, 170)","[70, 100)"
336,2.355,3.4,,,6199.4,0:43:53,0:43:53,0.0,36.8,Run,2018-12-05T18:21:28,9,"[20, 35)",male,"[170, 200)","[40, 70)"
337,3.331,4.0,,,1365.8,0:06:54,0:06:50,2.0,11.2,Run,2018-12-05T18:06:07,8,"[20, 35)",male,"[170, 200)","[70, 100)"
339,2.495,4.2,,,11740.1,1:23:40,1:18:25,550.0,924.0,Run,2018-12-02T08:37:09,20,"[20, 35)",male,"[170, 200)","[70, 100)"
340,2.512,5.0,,,10290.6,1:13:01,1:08:16,591.0,1093.4,Run,2018-12-01T14:59:25,19,"[20, 35)",male,"[170, 200)","[40, 70)"
344,3.225,5.5,,,6820.1,0:37:44,0:35:15,44.0,228.8,Run,2018-11-25T09:31:11,16,"[20, 35)",male,"[170, 200)","[70, 100)"
345,1.675,6.8,,,41518.4,6:55:11,6:53:02,3956.0,1058.8,Run,2018-11-17T03:57:52,32,"[35, 50)",male,"[170, 200)","[70, 100)"
346,3.476,14.4,,,7502.1,0:37:51,0:35:58,10.0,76.8,Run,2018-11-14T19:07:03,7,"[20, 35)",male,"[170, 200)","[70, 100)"
347,3.423,5.0,,,7739.7,0:39:10,0:37:41,10.0,99.2,Run,2018-11-13T18:54:45,5,"[20, 35)",female,"[140, 170)","[70, 100)"
349,3.676,5.1,,,1367.5,0:06:12,0:06:12,1.0,140.4,Run,2018-11-10T19:20:10,7,"[20, 35)",male,"[170, 200)","[40, 70)"
350,1.457,2.0,,,1970.8,0:22:33,0:22:33,0.0,141.8,Run,2018-11-10T18:53:12,7,"[35, 50)",male,"[170, 200)","[70, 100)"
352,3.3,4.1,,,9290.2,0:58:19,0:46:55,27.0,97.0,Run,2018-11-09T12:11:27,5,"[35, 50)",female,"[140, 170)","[70, 100)"
353,3.288,4.3,,,6931.8,0:35:27,0:35:08,4.0,106.8,Run,2018-11-07T18:46:38,9,"[20, 35)",female,"[140, 170)","[70, 100)"
356,3.381,4.0,,,5933.0,0:29:47,0:29:15,12.0,43.2,Run,2018-11-03T17:59:56,6,"[35, 50)",male,"[170, 200)","[70, 100)"
358,2.083,3.3,,,1006.0,0:10:56,0:08:03,2.0,106.8,Run,2018-11-01T11:46:09,3,"[35, 50)",male,"[170, 200)","[70, 100)"
359,3.75,5.2,,,13596.6,1:03:11,1:00:26,38.0,83.8,Run,2018-10-31T17:52:48,11,"[20, 35)",female,"[140, 170)","[70, 100)"
363,3.509,5.5,,,6259.4,0:30:02,0:29:44,32.0,130.2,Run,2018-10-26T18:29:23,9,"[35, 50)",male,"[170, 200)","[70, 100)"
364,3.52,6.3,,,8429.3,0:40:05,0:39:55,28.0,147.8,Run,2018-10-25T18:34:55,11,"[35, 50)",female,"[140, 170)","[70, 100)"
365,3.641,4.8,,,13004.4,1:00:28,0:59:32,54.0,131.6,Run,2018-10-24T18:23:14,13,"[20, 35)",female,"[140, 170)","[70, 100)"
366,2.807,4.1,128.2,151.0,7746.1,0:47:51,0:46:00,241.0,117.6,Run,2018-10-22T14:06:49,14,"[35, 50)",female,"[140, 170)","[70, 100)"
367,3.054,4.0,,,6989.5,0:45:32,0:38:09,99.0,110.8,Run,2018-10-21T12:24:04,15,"[35, 50)",male,"[170, 200)","[40, 70)"
369,3.274,4.4,,,7320.5,0:39:55,0:37:16,36.0,130.2,Run,2018-10-19T16:22:42,9,"[20, 35)",female,"[140, 170)","[70, 100)"
370,3.196,4.5,,,12184.0,1:10:44,1:03:32,65.0,135.8,Run,2018-10-18T11:34:30,10,"[35, 50)",female,"[140, 170)","[70, 100)"
371,3.019,4.7,,,8165.7,0:46:34,0:45:05,187.0,123.6,Run,2018-10-17T10:50:53,10,"[35, 50)",male,"[170, 200)","[40, 70)"
373,2.987,5.1,,,12497.1,1:23:51,1:09:44,185.0,135.8,Run,2018-10-14T09:50:11,9,"[35, 50)",female,"[140, 170)","[70, 100)"
381,3.273,4.0,,,14286.7,1:35:16,1:12:45,48.0,85.4,Run,2018-09-28T11:34:11,10,"[20, 35)",male,"[170, 200)","[70, 100)"
383,3.601,5.4,,,10965.5,0:51:14,0:50:45,16.0,107.8,Run,2018-09-26T18:16:13,7,"[20, 35)",male,"[170, 200)","[40, 70)"
384,3.575,4.1,,,8408.6,0:41:10,0:39:12,24.0,91.6,Run,2018-09-25T19:15:02,6,"[20, 35)",male,"[170, 200)","[40, 70)"
386,3.092,4.1,129.5,145.0,6007.3,0:35:30,0:32:23,4.0,92.4,Run,2018-09-17T18:19:00,7,"[35, 50)",female,"[140, 170)","[70, 100)"
388,3.484,4.3,,,12044.9,0:58:35,0:57:37,51.0,110.0,Run,2018-09-15T18:00:15,6,"[35, 50)",male,"[170, 200)","[70, 100)"
389,3.009,5.7,136.4,168.0,11159.5,1:10:27,1:01:49,41.0,109.2,Run,2018-09-14T18:16:24,8,"[20, 35)",male,"[170, 200)","[70, 100)"
390,3.267,4.3,140.0,159.0,9310.7,0:52:52,0:47:30,30.0,100.8,Run,2018-09-12T17:42:46,12,"[20, 35)",female,"[140, 170)","[70, 100)"
394,1.735,4.5,,,6722.4,1:22:32,1:04:35,218.0,279.2,Run,2018-09-08T19:39:17,9,"[35, 50)",female,"[140, 170)","[70, 100)"
397,3.003,4.2,130.7,148.0,6367.4,0:36:49,0:35:20,3.0,85.6,Run,2018-09-05T18:44:42,5,"[35, 50)",male,"[170, 200)","[70, 100)"
398,2.97,4.3,,,7733.9,0:47:28,0:43:24,84.0,102.6,Run,2018-09-04T18:17:58,8,"[20, 35)",female,"[140, 170)","[70, 100)"
399,2.942,4.6,,,7120.3,0:40:45,0:40:20,45.0,114.0,Run,2018-09-02T11:00:03,13,"[35, 50)",male,"[170, 200)","[70, 100)"
401,2.619,4.3,,,9598.3,1:02:16,1:01:05,63.0,106.2,Run,2018-09-01T14:13:37,12,"[20, 35)",female,"[140, 170)","[70, 100)"
402,3.244,5.5,138.0,150.0,9799.7,0:53:27,0:50:21,9.0,101.6,Run,2018-08-29T18:28:08,7,"[35, 50)",female,"[140, 170)","[70, 100)"
404,3.375,4.2,143.6,164.0,6312.0,0:39:42,0:31:10,11.0,81.8,Run,2018-08-27T18:30:30,11,"[20, 35)",male,"[170, 200)","[40, 70)"
405,3.446,4.8,,,10049.0,0:49:18,0:48:36,76.0,107.8,Run,2018-08-26T08:58:55,10,"[35, 50)",male,"[170, 200)","[70, 100)"
406,3.148,4.4,,,8674.8,0:47:42,0:45:56,64.0,104.0,Run,2018-08-25T12:53:40,5,"[20, 35)",female,"[140, 170)","[70, 100)"
408,3.273,5.3,,,5034.2,0:25:38,0:25:38,185.0,125.0,Run,2018-08-21T19:02:27,21,"[35, 50)",male,"[170, 200)","[70, 100)"
409,2.934,3.5,,,1643.0,0:16:03,0:09:20,9.0,117.4,Run,2018-08-21T18:33:42,8,"[35, 50)",male,"[170, 200)","[40, 70)"
410,3.166,4.2,,,6281.1,0:34:26,0:33:04,28.0,131.0,Run,2018-08-20T18:36:00,10,"[35, 50)",male,"[170, 200)","[70, 100)"
411,2.329,4.3,,,7384.6,0:59:20,0:52:51,265.0,1101.8,Run,2018-08-15T10:09:51,14,"[20, 35)",female,"[140, 170)","[70, 100)"
412,2.759,5.7,,,20522.8,2:03:58,2:03:58,996.0,1182.4,Run,2018-08-11T10:45:04,21,"[20, 35)",female,"[140, 170)","[70, 100)"
413,3.599,6.3,,,9784.5,0:47:17,0:45:19,16.0,121.6,Run,2018-08-09T18:17:27,6,"[35, 50)",male,"[170, 200)","[70, 100)"
414,3.496,4.4,,,7281.3,0:34:43,0:34:43,8.0,124.0,Run,2018-08-07T18:19:00,9,"[35, 50)",male,"[170, 200)","[70, 100)"
417,3.095,4.3,151.7,166.0,12090.4,1:09:34,1:05:06,20.0,113.2,Run,2018-08-04T09:50:13,11,"[35, 50)",male,"[170, 200)","[70, 100)"
418,2.871,6.6,,,7080.4,0:43:33,0:41:06,58.0,120.8,Run,2018-08-03T18:38:38,12,"[35, 50)",male,"[170, 200)","[70, 100)"
419,2.68,11.5,,,7856.6,0:54:35,0:48:52,24.4,95.0,Run,2018-08-01T18:32:21,9,"[35, 50)",male,"[170, 200)","[70, 100)"
422,2.04,5.2,,,5847.8,0:49:20,0:47:47,400.0,1026.4,Run,2018-07-25T17:01:00,9,"[20, 35)",female,"[140, 170)","[70, 100)"
424,2.729,3.8,,,6708.4,0:46:13,0:40:58,65.0,593.8,Run,2018-07-24T10:47:31,10,"[35, 50)",female,"[140, 170)","[70, 100)"
426,2.145,5.4,,,1773.8,0:14:38,0:13:47,107.0,676.6,Run,2018-07-23T10:26:05,8,"[20, 35)",male,"[170, 200)","[40, 70)"
427,2.228,4.7,,,6437.8,0:55:55,0:48:10,344.0,943.6,Run,2018-07-22T15:25:14,14,"[35, 50)",male,"[170, 200)","[70, 100)"
428,3.483,6.8,,,9182.3,0:46:47,0:43:56,4.0,94.0,Run,2018-07-20T17:50:51,7,"[35, 50)",male,"[170, 200)","[40, 70)"
432,3.021,4.0,,,4670.6,0:28:08,0:25:46,5.0,102.8,Run,2018-07-14T08:41:22,7,"[20, 35)",male,"[170, 200)","[70, 100)"
433,3.338,4.1,,,5466.9,0:27:18,0:27:18,3.0,85.6,Run,2018-07-13T20:39:34,9,"[35, 50)",male,"[170, 200)","[40, 70)"
435,3.151,4.0,,,6579.7,0:39:50,0:34:48,9.0,90.0,Run,2018-07-11T12:56:04,10,"[35, 50)",male,"[170, 200)","[70, 100)"
439,3.45,4.9,,,5629.9,0:27:24,0:27:12,24.0,110.0,Run,2018-07-05T18:42:05,1,"[20, 35)",male,"[170, 200)","[70, 100)"
440,3.333,0.0,,,5600.0,0:28:00,0:28:00,0.0,,Run,2018-07-05T18:32:00,6,"[35, 50)",male,"[170, 200)","[70, 100)"
441,3.1,5.0,,,5272.9,0:31:13,0:28:21,15.7,95.0,Run,2018-07-03T11:51:44,12,"[35, 50)",female,"[140, 170)","[70, 100)"
443,3.098,5.6,,,11266.5,1:01:42,1:00:37,84.4,90.9,Run,2018-07-01T09:21:16,12,"[20, 35)",male,"[170, 200)","[70, 100)"
444,3.027,5.4,87.3,150.0,4023.5,"1 day, 18:28:17",0:22:09,21.0,82.6,Run,2018-06-30T11:45:43,3,"[20, 35)",female,"[140, 170)","[70, 100)"
445,3.333,0.0,,,7400.0,0:37:00,0:37:00,0.0,,Run,2018-06-29T20:37:19,10,"[35, 50)",male,"[170, 200)","[70, 100)"
446,3.162,5.1,,,7117.3,0:43:52,0:37:31,20.0,103.6,Run,2018-06-29T19:07:33,0,"[35, 50)",female,"[140, 170)","[70, 100)"
447,3.342,5.4,,,11006.7,0:56:11,0:54:53,86.0,118.2,Run,2018-06-28T18:12:22,11,"[20, 35)",male,"[170, 200)","[70, 100)"
448,2.845,3.8,,,5501.6,0:34:09,0:32:14,6.0,91.8,Run,2018-06-27T12:25:02,15,"[20, 35)",female,"[140, 170)","[70, 100)"
449,3.234,4.0,,,7670.5,0:39:44,0:39:32,28.0,107.0,Run,2018-06-26T17:59:54,12,"[20, 35)",male,"[170, 200)","[70, 100)"
450,3.327,5.1,,,8245.1,0:41:28,0:41:18,51.0,127.6,Run,2018-06-25T18:53:45,14,"[20, 35)",male,"[170, 200)","[40, 70)"
451,3.097,4.8,,,9781.6,0:57:54,0:52:38,227.0,107.0,Run,2018-06-17T12:04:21,16,"[35, 50)",male,"[170, 200)","[70, 100)"
452,3.274,4.1,,,6534.7,0:35:21,0:33:16,43.0,104.6,Run,2018-06-16T18:26:42,11,"[20, 35)",male,"[170, 200)","[70, 100)"
455,3.178,5.6,,,7663.1,0:40:45,0:40:11,50.0,103.0,Run,2018-06-12T09:08:16,11,"[20, 35)",male,"[170, 200)","[40, 70)"
456,3.157,5.4,,,7634.6,0:41:30,0:40:18,69.0,98.2,Run,2018-06-10T19:14:47,18,"[20, 35)",male,"[170, 200)","[70, 100)"
457,3.324,3.9,,,6651.3,0:36:11,0:33:21,21.0,104.4,Run,2018-06-07T17:26:08,8,"[20, 35)",female,"[140, 170)","[70, 100)"
458,3.04,5.2,,,4998.3,0:27:24,0:27:24,176.0,118.2,Run,2018-06-05T19:01:09,26,"[20, 35)",female,"[140, 170)","[70, 100)"
459,3.294,4.4,,,8672.4,0:43:57,0:43:53,56.0,101.4,Run,2018-06-04T18:43:30,16,"[20, 35)",male,"[170, 200)","[40, 70)"
461,2.648,8.1,124.0,124.0,4496.8,0:28:24,0:28:18,38.0,91.4,Run,2018-06-02T12:39:29,8,"[35, 50)",male,"[170, 200)","[70, 100)"
462,3.231,4.0,,,10153.9,0:53:09,0:52:23,76.0,113.0,Run,2018-06-01T20:09:05,12,"[20, 35)",female,"[140, 170)","[70, 100)"
463,3.261,4.3,,,8474.3,0:43:19,0:43:19,37.0,105.4,Run,2018-05-31T19:43:29,8,"[35, 50)",male,"[170, 200)","[70, 100)"
464,3.323,4.1,,,8621.9,0:44:00,0:43:15,61.0,110.2,Run,2018-05-29T18:20:31,13,"[20, 35)",female,"[140, 170)","[70, 100)"
465,3.193,4.8,,,5501.5,0:30:21,0:28:43,115.0,314.4,Run,2018-05-27T08:28:53,6,"[20, 35)",male,"[170, 200)","[40, 70)"
466,3.314,5.2,153.8,171.0,6166.6,0:31:01,0:31:01,28.0,99.8,Run,2018-05-23T09:52:07,12,"[35, 50)",female,"[140, 170)","[70, 100)"
468,3.251,4.0,,,5026.7,0:25:57,0:25:46,14.0,89.6,Run,2018-05-18T16:37:29,11,"[20, 35)",male,"[170, 200)","[70, 100)"
469,3.264,5.3,,,5876.0,0:31:02,0:30:00,24.0,107.2,Run,2018-05-17T18:28:28,15,"[20, 35)",male,"[170, 200)","[40, 70)"
472,3.197,4.0,,,6000.4,0:31:43,0:31:17,32.0,101.4,Run,2018-05-10T10:36:51,13,"[20, 35)",male,"[170, 200)","[70, 100)"
473,3.212,3.8,,,6747.7,0:35:13,0:35:01,40.0,102.2,Run,2018-05-08T17:00:13,13,"[35, 50)",male,"[170, 200)","[70, 100)"
476,2.794,3.9,,,4569.0,0:28:32,0:27:15,102.0,415.6,Run,2018-05-03T08:10:16,10,"[35, 50)",female,"[140, 170)","[70, 100)"
479,2.196,3.7,,,4700.3,0:37:21,0:35:40,70.0,95.6,Run,2018-04-29T10:59:03,9,"[35, 50)",female,"[140, 170)","[70, 100)"
480,0.793,1.3,,,625.0,0:14:01,0:13:08,0.0,,Swim,2018-04-27T20:49:46,9,"[20, 35)",male,"[170, 200)","[70, 100)"
481,3.012,3.8,,,5701.1,0:33:14,0:31:33,28.0,100.4,Run,2018-04-26T17:41:49,10,"[20, 35)",male,"[170, 200)","[70, 100)"
483,2.061,4.7,,,3647.9,0:36:12,0:29:30,202.0,607.8,Run,2018-04-21T16:56:43,10,"[35, 50)",male,"[170, 200)","[40, 70)"
484,3.153,4.0,,,5568.6,0:29:26,0:29:26,26.0,120.8,Run,2018-04-16T13:37:22,13,"[20, 35)",female,"[140, 170)","[70, 100)"
485,2.8,3.3,,,6145.1,0:36:53,0:36:35,33.0,100.2,Run,2018-04-14T17:33:22,14,"[20, 35)",female,"[140, 170)","[70, 100)"
487,2.82,3.5,,,4477.5,0:26:28,0:26:28,16.0,110.0,Run,2018-04-11T16:12:12,9,"[20, 35)",male,"[170, 200)","[70, 100)"
489,0.748,2.5,,,1050.0,0:25:25,0:23:24,0.0,,Swim,2017-12-14T20:00:19,10,"[35, 50)",male,"[170, 200)","[70, 100)"
490,1.621,4.5,,,6142.3,1:10:02,1:03:09,54.0,111.6,Run,2017-11-22T19:30:34,7,"[35, 50)",male,"[170, 200)","[70, 100)"
492,1.475,3.8,,,20516.4,5:29:00,3:51:47,1007.0,827.0,Run,2017-11-11T08:01:05,18,"[35, 50)",male,"[170, 200)","[70, 100)"
493,2.929,4.8,,,13790.6,1:36:09,1:18:29,64.0,113.6,Ride,2017-11-01T14:29:31,5,"[20, 35)",male,"[170, 200)","[70, 100)"
495,2.744,4.4,,,7516.5,0:54:37,0:45:39,15.0,94.4,Run,2017-10-27T18:55:44,6,"[35, 50)",female,"[140, 170)","[70, 100)"
497,2.985,3.9,,,8970.2,1:07:55,0:50:05,27.0,99.6,Run,2017-10-21T10:57:52,10,"[20, 35)",female,"[140, 170)","[70, 100)"
498,5.002,6.7,,,14774.9,1:00:51,0:49:14,58.0,48.8,Ride,2017-10-20T11:24:54,8,"[20, 35)",female,"[140, 170)","[70, 100)"
499,4.159,5.7,,,4271.4,0:19:59,0:17:07,12.0,53.2,Ride,2017-10-18T18:24:25,5,"[20, 35)",male,"[170, 200)","[70, 100)"
502,4.761,7.0,,,13611.6,0:56:16,0:47:39,55.0,59.2,Ride,2017-10-17T06:42:12,3,"[20, 35)",male,"[170, 200)","[70, 100)"
503,2.983,3.6,,,7254.7,1:18:53,0:40:32,28.0,183.2,Run,2017-10-15T10:02:24,7,"[35, 50)",male,"[170, 200)","[70, 100)"
504,2.917,4.0,,,11177.3,1:04:31,1:03:52,85.0,79.8,Ride,2017-10-13T18:27:25,10,"[20, 35)",female,"[140, 170)","[70, 100)"
505,2.891,3.9,,,2440.0,0:26:28,0:14:04,6.0,35.4,Run,2017-10-13T08:41:54,6,"[20, 35)",male,"[170, 200)","[70, 100)"
506,2.726,5.2,,,4742.4,0:37:06,0:29:00,8.0,84.2,Run,2017-10-11T18:48:59,5,"[20, 35)",male,"[170, 200)","[70, 100)"
507,2.578,4.1,,,5251.5,0:51:38,0:33:57,5.0,102.0,Run,2017-10-10T06:09:57,1,"[20, 35)",male,"[170, 200)","[70, 100)"
508,2.817,4.4,,,6589.0,0:44:34,0:38:59,108.0,141.8,Run,2017-10-07T09:30:33,11,"[35, 50)",male,"[170, 200)","[70, 100)"
510,3.411,5.2,151.2,185.0,10092.4,0:51:19,0:49:19,43.0,92.4,Run,2017-10-01T18:45:46,10,"[35, 50)",male,"[170, 200)","[70, 100)"
511,2.263,3.1,,,5200.4,0:44:56,0:38:18,157.0,83.8,Run,2017-09-27T19:16:16,11,"[20, 35)",male,"[170, 200)","[70, 100)"
514,2.997,8.9,,,6396.2,0:41:58,0:35:34,43.0,29.2,Run,2017-09-23T18:14:52,1,"[20, 35)",male,"[170, 200)","[70, 100)"
515,4.663,5.4,,,946.5,0:05:54,0:03:23,0.0,26.0,Ride,2017-09-19T20:13:41,0,"[35, 50)",male,"[170, 200)","[40, 70)"
518,5.174,20.0,,,13515.0,1:32:21,0:43:32,80.0,61.8,Run,2017-09-16T06:39:41,4,"[35, 50)",male,"[170, 200)","[40, 70)"
519,2.6,3.8,,,5787.7,0:56:54,0:37:06,8.0,103.6,Run,2017-09-13T06:22:15,10,"[35, 50)",male,"[170, 200)","[70, 100)"
521,0.684,2.6,,,15934.1,8:29:55,6:28:18,1380.0,2089.4,Run,2017-09-08T09:27:02,4,"[35, 50)",female,"[140, 170)","[70, 100)"
522,2.861,5.1,,,11974.1,1:18:03,1:09:46,126.0,146.8,Ride,2017-09-03T14:27:20,14,"[20, 35)",male,"[170, 200)","[40, 70)"
523,2.819,4.1,,,10885.4,1:06:30,1:04:21,246.0,151.8,Run,2017-09-02T11:44:54,14,"[35, 50)",female,"[140, 170)","[70, 100)"
524,2.481,4.7,,,7077.0,1:01:08,0:47:33,155.0,146.2,Run,2017-08-30T19:01:13,4,"[20, 35)",male,"[170, 200)","[70, 100)"
528,2.444,4.4,,,6206.7,0:50:37,0:42:20,5.0,78.6,Run,2017-08-17T06:18:59,12,"[35, 50)",female,"[140, 170)","[70, 100)"
529,2.471,4.7,,,7202.4,0:57:53,0:48:35,5.0,94.4,Run,2017-08-16T19:08:49,6,"[20, 35)",male,"[170, 200)","[70, 100)"
530,4.932,7.3,,,16668.5,1:02:40,0:56:20,17.0,84.2,Ride,2017-08-13T08:49:36,14,"[35, 50)",male,"[170, 200)","[40, 70)"
532,4.015,5.6,,,2027.5,1:20:36,0:08:25,2.0,162.2,Ride,2017-08-08T20:34:29,6,"[20, 35)",female,"[140, 170)","[70, 100)"
533,2.081,5.2,,,7021.7,1:03:17,0:56:14,195.0,119.6,Run,2017-08-08T19:09:36,4,"[20, 35)",male,"[170, 200)","[70, 100)"
535,4.241,12.6,,,1598.8,0:06:17,0:06:17,1.0,135.2,Ride,2017-08-07T19:52:46,0,"[35, 50)",male,"[170, 200)","[70, 100)"
537,3.212,4.9,,,8178.9,0:46:05,0:42:26,57.0,133.6,Run,2017-08-06T08:39:23,11,"[20, 35)",female,"[140, 170)","[70, 100)"
539,1.828,5.3,,,4316.4,0:51:24,0:39:21,123.0,132.2,Run,2017-08-04T09:37:15,1,"[20, 35)",male,"[170, 200)","[70, 100)"
540,2.506,4.1,,,5217.8,1:02:36,0:34:42,42.0,125.2,Run,2017-08-02T06:02:57,0,"[35, 50)",male,"[170, 200)","[70, 100)"
541,3.088,3.7,,,5163.8,0:30:30,0:27:52,8.0,95.6,Run,2017-08-01T20:35:27,9,"[20, 35)",male,"[170, 200)","[70, 100)"
542,5.056,7.7,,,20116.7,1:12:31,1:06:19,60.0,78.0,Ride,2017-08-01T19:09:13,9,"[35, 50)",male,"[170, 200)","[40, 70)"
545,3.214,4.1,,,6350.7,0:34:38,0:32:56,12.0,124.8,Run,2017-07-27T07:10:04,0,"[20, 35)",male,"[170, 200)","[40, 70)"
546,0.686,3.2,,,8336.2,4:13:07,3:22:39,1101.0,2924.4,Run,2017-07-25T07:54:08,0,"[35, 50)",male,"[170, 200)","[70, 100)"
547,2.117,2.5,,,122.8,0:00:58,0:00:58,0.0,340.0,Run,2017-07-22T20:13:16,0,"[20, 35)",female,"[140, 170)","[70, 100)"
548,2.888,4.2,,,7060.2,0:50:10,0:40:45,149.0,505.2,Run,2017-07-21T17:22:58,0,"[35, 50)",male,"[170, 200)","[70, 100)"
549,2.397,4.3,,,5666.8,1:02:21,0:39:24,11.0,272.6,Run,2017-07-20T06:03:24,9,"[20, 35)",female,"[140, 170)","[70, 100)"
550,2.789,5.1,,,9404.1,1:05:46,0:56:12,31.0,213.0,Run,2017-07-19T19:04:39,6,"[35, 50)",male,"[170, 200)","[70, 100)"
551,2.44,5.8,,,5873.1,1:03:06,0:40:07,78.0,198.8,Run,2017-07-18T19:20:42,2,"[20, 35)",male,"[170, 200)","[70, 100)"
552,3.358,5.6,,,1296.2,0:06:26,0:06:26,5.0,54.0,Ride,2017-07-18T09:58:40,1,"[35, 50)",male,"[170, 200)","[40, 70)"
553,3.576,5.6,,,1262.5,0:06:19,0:05:53,6.0,82.4,Ride,2017-07-17T13:36:48,1,"[35, 50)",male,"[170, 200)","[40, 70)"
555,1.753,5.3,,,5362.8,1:43:08,0:51:00,125.0,134.8,Run,2017-07-16T13:51:23,9,"[20, 35)",male,"[170, 200)","[70, 100)"
556,2.757,5.0,,,8732.9,0:55:11,0:52:48,160.0,143.4,Run,2017-07-15T12:36:32,6,"[20, 35)",male,"[170, 200)","[70, 100)"
557,3.794,6.3,,,12121.8,0:54:40,0:53:15,26.0,111.6,Run,2017-07-13T11:14:08,1,"[20, 35)",male,"[170, 200)","[70, 100)"
558,2.281,5.2,,,6523.7,1:04:18,0:47:40,81.0,144.8,Run,2017-07-12T19:04:52,8,"[35, 50)",male,"[170, 200)","[40, 70)"
559,2.662,4.9,,,5727.9,"1 day, 0:01:33",0:35:52,8.0,150.6,Run,2017-07-11T19:02:56,7,"[20, 35)",female,"[140, 170)","[70, 100)"
560,1.41,4.3,,,23060.2,4:59:26,4:32:32,1395.0,2075.6,Run,2017-07-08T08:34:02,3,"[35, 50)",male,"[170, 200)","[70, 100)"
563,2.542,16.5,,,9206.2,1:33:13,1:00:21,30.0,108.4,Run,2017-07-05T19:08:00,1,"[20, 35)",male,"[170, 200)","[70, 100)"
564,2.348,3.9,,,3987.6,0:51:08,0:28:18,5.0,24.2,Run,2017-07-05T06:03:56,1,"[35, 50)",female,"[140, 170)","[70, 100)"
567,1.963,4.0,,,5660.2,1:04:34,0:48:04,71.0,173.2,Run,2017-06-28T19:03:52,6,"[20, 35)",male,"[170, 200)","[70, 100)"
570,3.22,5.3,,,9563.6,0:52:30,0:49:30,82.0,157.0,Run,2017-06-24T09:16:17,1,"[35, 50)",male,"[170, 200)","[40, 70)"
572,4.947,7.7,,,10130.8,0:42:35,0:34:08,28.0,106.0,Ride,2017-06-22T08:17:01,0,"[35, 50)",male,"[170, 200)","[70, 100)"
573,4.851,6.0,,,2440.1,0:09:45,0:08:23,3.0,140.6,Ride,2017-06-22T07:42:07,0,"[20, 35)",male,"[170, 200)","[70, 100)"
574,2.544,3.8,,,666.5,0:14:09,0:04:22,0.0,132.0,Run,2017-06-21T20:24:21,0,"[35, 50)",male,"[170, 200)","[70, 100)"
577,3.065,4.6,143.1,162.0,12641.1,1:11:04,1:08:45,173.0,124.2,Run,2017-06-20T06:44:37,0,"[35, 50)",male,"[170, 200)","[70, 100)"
578,4.028,11.9,,,592.1,0:03:42,0:02:27,1.0,235.8,Ride,2017-06-19T19:06:41,0,"[20, 35)",male,"[170, 200)","[70, 100)"
579,4.746,12.7,,,2819.2,0:10:21,0:09:54,12.0,219.0,Ride,2017-06-19T10:42:48,0,"[35, 50)",male,"[170, 200)","[70, 100)"
580,4.746,12.7,,,2819.2,0:10:21,0:09:54,12.0,219.0,Ride,2017-06-19T10:42:48,0,"[35, 50)",male,"[170, 200)","[40, 70)"
581,4.75,7.3,,,9058.4,0:41:30,0:31:47,44.0,102.8,Ride,2017-06-19T08:47:13,0,"[20, 35)",male,"[170, 200)","[40, 70)"
582,4.75,7.3,,,9058.4,0:41:30,0:31:47,44.0,102.8,Ride,2017-06-19T08:47:13,0,"[35, 50)",female,"[140, 170)","[70, 100)"
584,5.547,7.3,,,11476.9,0:39:32,0:34:29,35.0,82.4,Ride,2017-06-19T05:52:13,0,"[35, 50)",male,"[170, 200)","[70, 100)"
585,3.37,5.0,,,8656.3,0:45:02,0:42:49,24.0,89.8,Run,2017-06-18T09:05:09,0,"[35, 50)",male,"[170, 200)","[70, 100)"
587,3.213,5.4,,,8225.7,0:48:00,0:42:40,9.0,110.2,Run,2017-06-14T19:07:57,6,"[20, 35)",female,"[140, 170)","[70, 100)"
588,1.744,0.0,,,20400.0,3:15:00,3:15:00,995.0,,Walk,2017-06-13T08:00:00,13,"[35, 50)",male,"[170, 200)","[70, 100)"
589,1.809,0.0,,,20400.0,3:08:00,3:08:00,1064.0,,Hike,2017-06-12T07:30:00,2,"[20, 35)",female,"[140, 170)","[70, 100)"
590,2.24,15.7,,,29177.3,5:49:03,3:37:07,1636.0,1703.0,Run,2017-06-10T10:27:15,2,"[35, 50)",male,"[170, 200)","[40, 70)"
591,2.96,3.6,,,1329.2,0:09:37,0:07:29,1.0,710.2,Run,2017-06-10T10:16:54,1,"[20, 35)",male,"[170, 200)","[40, 70)"
592,1.667,3.5,,,8902.6,1:46:33,1:29:02,703.0,1710.4,Run,2017-06-09T17:11:25,1,"[35, 50)",male,"[170, 200)","[70, 100)"
593,2.666,4.0,,,421.3,0:02:38,0:02:38,2.0,123.2,Run,2017-06-07T20:04:27,6,"[35, 50)",male,"[170, 200)","[70, 100)"
594,2.946,3.5,,,5751.1,0:38:57,0:32:32,27.0,118.6,Run,2017-06-07T19:07:58,8,"[35, 50)",male,"[170, 200)","[70, 100)"
597,3.11,4.9,,,5097.7,0:27:19,0:27:19,199.0,110.4,Run,2017-06-06T19:04:22,3,"[20, 35)",female,"[140, 170)","[70, 100)"
599,0.566,1.2,,,1075.0,0:31:59,0:31:38,0.0,,Swim,2017-06-05T16:50:41,2,"[35, 50)",male,"[170, 200)","[70, 100)"
601,3.357,5.2,,,4196.5,0:21:18,0:20:50,69.0,196.6,Run,2017-06-04T11:43:02,2,"[20, 35)",male,"[170, 200)","[70, 100)"
602,2.758,6.2,,,2451.9,0:25:39,0:14:49,7.0,244.6,Run,2017-06-04T11:11:53,2,"[35, 50)",male,"[170, 200)","[70, 100)"
603,3.437,6.0,,,3148.1,0:15:34,0:15:16,55.0,199.8,Run,2017-06-03T14:53:07,1,"[35, 50)",male,"[170, 200)","[70, 100)"
604,2.707,4.0,,,1542.9,0:15:43,0:09:30,16.0,147.6,Run,2017-06-03T14:13:52,2,"[35, 50)",female,"[140, 170)","[70, 100)"
606,5.836,8.3,,,19487.9,1:06:05,0:55:39,84.0,104.0,Ride,2017-06-02T09:47:29,1,"[20, 35)",male,"[170, 200)","[70, 100)"
610,2.799,7.1,,,3408.7,0:27:21,0:20:18,90.0,220.0,Run,2017-05-31T19:24:11,2,"[35, 50)",male,"[170, 200)","[40, 70)"
611,3.087,4.4,,,8301.5,0:52:37,0:44:49,74.0,156.0,Run,2017-05-31T06:39:33,2,"[20, 35)",male,"[170, 200)","[70, 100)"
613,2.768,4.3,,,3572.9,0:21:31,0:21:31,0.0,205.2,Run,2017-05-30T06:05:00,1,"[20, 35)",male,"[170, 200)","[70, 100)"
616,1.987,5.3,,,6573.2,0:57:40,0:55:08,382.0,564.0,Run,2017-05-21T10:05:02,5,"[35, 50)",female,"[140, 170)","[70, 100)"
618,2.497,4.0,,,878.8,0:05:52,0:05:52,33.0,318.8,Run,2017-05-20T15:41:51,2,"[35, 50)",male,"[170, 200)","[70, 100)"
623,2.571,4.7,,,7251.6,0:55:47,0:47:00,24.0,144.6,Run,2017-05-18T06:03:24,11,"[35, 50)",male,"[170, 200)","[70, 100)"
625,3.296,5.4,134.5,182.0,5180.6,0:27:45,0:26:12,183.0,125.6,Run,2017-05-16T19:06:00,9,"[20, 35)",female,"[140, 170)","[70, 100)"
626,2.838,3.7,128.9,139.0,1589.3,0:16:25,0:09:20,6.0,110.2,Run,2017-05-16T18:38:11,3,"[20, 35)",male,"[170, 200)","[40, 70)"
627,3.392,5.7,150.3,170.0,10216.1,0:53:17,0:50:12,75.0,54.8,Run,2017-05-15T15:14:09,7,"[20, 35)",male,"[170, 200)","[40, 70)"
628,3.209,4.4,,,15995.0,1:25:45,1:23:05,253.0,105.8,Run,2017-05-13T11:30:08,8,"[35, 50)",male,"[170, 200)","[40, 70)"
629,2.268,4.7,,,7625.2,0:59:43,0:56:02,478.0,922.2,Run,2017-05-10T10:33:08,1,"[35, 50)",female,"[140, 170)","[70, 100)"
633,2.089,4.3,,,8966.6,1:21:49,1:11:33,177.0,149.4,Run,2017-05-06T06:03:36,5,"[20, 35)",female,"[140, 170)","[70, 100)"
634,5.069,7.6,,,4648.0,0:27:00,0:15:17,19.0,97.0,Ride,2017-05-05T18:08:22,6,"[20, 35)",male,"[170, 200)","[70, 100)"
636,3.281,5.4,141.9,169.0,8398.1,0:43:37,0:42:40,32.0,97.4,Run,2017-05-05T12:24:27,8,"[35, 50)",male,"[170, 200)","[40, 70)"
637,1.715,4.6,,,7584.7,1:19:52,1:13:43,677.0,1249.0,Run,2017-05-03T10:23:52,15,"[35, 50)",female,"[140, 170)","[70, 100)"
638,1.919,3.0,,,3365.6,0:29:34,0:29:14,444.0,905.2,Run,2017-05-02T11:27:58,1,"[20, 35)",male,"[170, 200)","[70, 100)"
639,0.784,0.0,,,4000.0,1:25:00,1:25:00,0.0,,Run,2017-05-02T08:40:00,1,"[20, 35)",female,"[140, 170)","[70, 100)"
642,3.266,5.5,,,12814.8,1:17:37,1:05:24,77.0,109.8,Run,2017-04-29T14:53:38,12,"[20, 35)",female,"[140, 170)","[70, 100)"
643,2.523,5.2,,,7699.2,0:52:59,0:50:52,98.0,141.0,Run,2017-04-25T06:04:41,11,"[20, 35)",male,"[170, 200)","[70, 100)"
644,2.89,5.6,144.8,175.0,6892.2,1:06:39,0:39:45,17.0,192.8,Run,2017-04-23T07:49:50,6,"[20, 35)",male,"[170, 200)","[70, 100)"
647,5.213,8.3,,,5004.7,0:18:18,0:16:00,17.0,102.0,Ride,2017-04-20T18:03:46,2,"[20, 35)",male,"[170, 200)","[40, 70)"
648,2.602,5.0,,,5214.4,0:49:25,0:33:24,164.0,132.2,Run,2017-04-19T19:17:21,6,"[20, 35)",female,"[140, 170)","[70, 100)"
652,3.047,4.3,,,12259.6,1:13:04,1:07:04,198.0,151.6,Run,2017-04-16T10:35:14,2,"[20, 35)",male,"[170, 200)","[70, 100)"
653,2.541,5.7,,,2012.6,0:18:03,0:13:12,36.0,141.0,Ride,2017-04-15T16:56:56,1,"[20, 35)",male,"[170, 200)","[70, 100)"
655,5.792,11.2,,,21842.9,1:06:52,1:02:51,77.0,185.8,Ride,2017-04-15T12:55:53,1,"[35, 50)",female,"[140, 170)","[70, 100)"
656,3.014,3.8,127.4,142.0,8276.7,0:56:28,0:45:46,38.0,104.2,Run,2017-04-13T19:26:57,7,"[35, 50)",female,"[140, 170)","[70, 100)"
657,5.91,7.7,,,8025.7,0:26:26,0:22:38,13.0,100.6,Ride,2017-04-13T17:19:30,7,"[35, 50)",male,"[170, 200)","[40, 70)"
658,6.128,8.6,,,8198.7,0:23:29,0:22:18,11.0,110.2,Ride,2017-04-13T10:43:38,6,"[35, 50)",male,"[170, 200)","[40, 70)"
660,3.178,6.0,,,5914.3,0:39:29,0:31:01,205.0,121.4,Run,2017-04-11T19:03:39,2,"[20, 35)",male,"[170, 200)","[70, 100)"
663,2.546,4.8,,,6181.8,0:44:37,0:40:28,203.0,151.0,Run,2017-04-05T19:02:09,2,"[20, 35)",male,"[170, 200)","[70, 100)"
664,2.814,4.4,,,8104.1,0:59:56,0:48:00,18.0,97.0,Run,2017-04-04T18:40:10,4,"[20, 35)",female,"[140, 170)","[70, 100)"
665,4.902,7.1,,,4137.0,0:14:04,0:14:04,11.0,135.2,Ride,2017-04-04T18:07:36,1,"[35, 50)",male,"[170, 200)","[40, 70)"
670,6.125,8.3,,,10510.1,0:33:08,0:28:36,20.0,99.4,Ride,2017-03-30T17:22:43,2,"[35, 50)",female,"[140, 170)","[70, 100)"
672,5.704,8.8,,,8350.5,0:26:10,0:24:24,13.0,99.2,Ride,2017-03-29T10:31:19,1,"[20, 35)",male,"[170, 200)","[40, 70)"
673,3.18,4.2,,,5390.0,0:35:02,0:28:15,18.0,92.2,Run,2017-03-28T18:52:09,0,"[20, 35)",male,"[170, 200)","[70, 100)"
674,3.181,4.0,,,7389.8,1:13:05,0:38:43,28.0,164.8,Run,2017-03-27T17:52:39,6,"[20, 35)",male,"[170, 200)","[70, 100)"
678,2.595,3.8,,,1632.5,0:10:29,0:10:29,41.0,301.6,Run,2017-03-25T13:34:01,2,"[35, 50)",male,"[170, 200)","[40, 70)"
679,1.973,4.5,,,5804.8,0:49:53,0:49:02,276.0,346.0,Run,2017-03-25T12:33:53,2,"[35, 50)",female,"[140, 170)","[70, 100)"
680,2.72,4.5,,,1931.5,0:21:33,0:11:50,30.0,279.8,Run,2017-03-25T12:05:42,1,"[35, 50)",male,"[170, 200)","[70, 100)"
682,3.399,6.0,,,3711.4,0:18:12,0:17:56,55.0,221.4,Run,2017-03-24T16:46:00,1,"[20, 35)",female,"[140, 170)","[70, 100)"
683,2.743,6.4,,,3774.3,0:32:57,0:22:56,0.0,151.2,Run,2017-03-24T16:03:19,1,"[35, 50)",male,"[170, 200)","[70, 100)"
685,3.09,4.7,,,15816.3,1:33:54,1:25:19,83.0,113.6,Run,2017-03-19T09:21:10,7,"[35, 50)",male,"[170, 200)","[70, 100)"
686,2.221,2.8,139.7,146.0,1081.8,0:13:42,0:08:07,2.0,86.8,Run,2017-03-18T11:43:32,1,"[20, 35)",male,"[170, 200)","[70, 100)"
689,5.505,7.1,,,4662.7,0:16:43,0:14:07,7.0,104.2,Ride,2017-03-16T20:02:10,1,"[35, 50)",male,"[170, 200)","[70, 100)"
690,3.24,7.3,,,7896.6,0:45:01,0:40:37,5.0,96.2,Run,2017-03-16T18:36:09,3,"[20, 35)",male,"[170, 200)","[40, 70)"
691,5.195,7.9,,,7729.6,0:30:43,0:24:48,21.0,113.2,Ride,2017-03-16T17:51:47,1,"[35, 50)",female,"[140, 170)","[70, 100)"
692,5.824,8.1,,,6907.4,0:26:02,0:19:46,16.0,136.2,Ride,2017-03-16T10:31:26,1,"[20, 35)",male,"[170, 200)","[40, 70)"
693,2.309,3.8,,,1274.5,0:20:59,0:09:12,5.0,99.8,Run,2017-03-15T20:09:44,2,"[35, 50)",male,"[170, 200)","[70, 100)"
694,3.527,7.2,,,7205.2,0:36:12,0:34:03,13.0,98.0,Run,2017-03-15T19:00:04,4,"[35, 50)",female,"[140, 170)","[70, 100)"
695,2.948,4.0,,,2140.6,0:21:44,0:12:06,6.0,155.6,Run,2017-03-15T18:30:14,2,"[20, 35)",female,"[140, 170)","[70, 100)"
696,1.901,4.0,,,1615.8,0:22:49,0:14:10,45.0,118.6,Run,2017-03-14T06:43:38,1,"[35, 50)",male,"[170, 200)","[70, 100)"
697,2.445,3.5,,,4857.5,0:41:28,0:33:07,29.0,120.8,Run,2017-03-14T06:00:59,1,"[20, 35)",male,"[170, 200)","[70, 100)"
698,5.646,8.0,,,10310.2,0:38:14,0:30:26,22.0,110.2,Ride,2017-03-13T18:50:48,1,"[35, 50)",male,"[170, 200)","[40, 70)"
699,5.604,6.7,,,3407.0,0:10:08,0:10:08,5.0,73.0,Ride,2017-03-13T10:49:06,1,"[20, 35)",male,"[170, 200)","[70, 100)"
700,0.0,0.0,,,0.0,0:15:25,0:15:25,0.0,80.2,Ride,2017-03-13T10:33:09,1,"[20, 35)",male,"[170, 200)","[70, 100)"
701,0.69,1.8,,,1425.0,0:35:55,0:34:26,0.0,,Swim,2017-03-12T12:35:34,3,"[35, 50)",female,"[140, 170)","[70, 100)"
706,2.974,4.7,,,8468.1,0:52:58,0:47:27,159.0,66.8,Run,2017-03-08T19:10:52,2,"[20, 35)",male,"[170, 200)","[40, 70)"
710,5.855,7.7,,,8209.4,0:25:15,0:23:22,11.0,106.2,Ride,2017-03-07T10:29:38,2,"[35, 50)",female,"[140, 170)","[70, 100)"
711,2.515,4.3,,,12538.6,1:28:36,1:23:06,97.0,68.6,Run,2017-03-05T11:07:39,4,"[20, 35)",male,"[170, 200)","[70, 100)"
714,1.661,4.2,,,4232.4,2:31:11,0:42:28,383.0,822.8,Run,2017-03-02T10:59:02,2,"[35, 50)",male,"[170, 200)","[70, 100)"
716,3.014,4.0,,,5395.7,0:42:13,0:29:50,7.0,122.4,Run,2017-03-01T06:01:33,7,"[35, 50)",male,"[170, 200)","[70, 100)"
718,1.719,3.5,,,1407.7,0:18:00,0:13:39,0.0,100.2,Run,2017-02-28T17:40:03,0,"[20, 35)",male,"[170, 200)","[70, 100)"
719,5.784,8.9,,,11169.4,0:37:31,0:32:11,18.0,178.8,Ride,2017-02-28T16:59:43,0,"[20, 35)",female,"[140, 170)","[70, 100)"
722,2.345,3.4,,,1641.6,0:12:09,0:11:40,57.0,1589.6,Run,2017-02-22T07:17:22,0,"[20, 35)",male,"[170, 200)","[70, 100)"
723,2.262,4.5,145.3,170.0,7886.9,1:07:12,0:58:06,374.0,1645.6,Run,2017-02-21T15:45:36,0,"[35, 50)",male,"[170, 200)","[70, 100)"
724,2.353,5.2,,,8283.4,1:11:16,0:58:40,366.0,1756.6,Run,2017-02-20T10:33:47,6,"[35, 50)",male,"[170, 200)","[70, 100)"
725,1.976,4.8,,,10551.1,2:24:11,1:28:59,496.0,1741.6,Run,2017-02-19T12:12:13,1,"[20, 35)",male,"[170, 200)","[70, 100)"
728,2.629,4.0,,,1393.4,0:09:19,0:08:50,31.0,1601.8,Run,2017-02-15T16:07:33,0,"[20, 35)",female,"[140, 170)","[70, 100)"
730,2.445,3.7,,,6940.2,1:04:47,0:47:18,260.0,1626.0,Run,2017-02-14T15:10:58,0,"[35, 50)",female,"[140, 170)","[70, 100)"
731,2.735,5.5,,,4985.4,0:56:54,0:30:23,93.0,23.4,Run,2017-02-11T10:30:33,0,"[20, 35)",female,"[140, 170)","[70, 100)"
732,0.6,2.3,,,1475.0,0:42:32,0:40:57,0.0,,Swim,2017-02-10T20:04:15,9,"[35, 50)",male,"[170, 200)","[70, 100)"
734,1.502,2.3,,,1383.4,0:32:55,0:15:21,3.0,39.0,Run,2017-02-07T17:31:15,2,"[35, 50)",female,"[140, 170)","[70, 100)"
735,0.664,1.5,,,2050.0,0:57:48,0:51:27,0.0,,Swim,2017-02-06T19:21:11,7,"[35, 50)",male,"[170, 200)","[40, 70)"
736,1.937,4.6,,,5875.9,1:01:26,0:50:33,40.0,105.8,Run,2017-02-05T11:17:07,6,"[35, 50)",male,"[170, 200)","[70, 100)"
737,3.163,3.6,,,667.4,0:03:35,0:03:31,1.0,234.4,Run,2017-02-04T13:04:13,4,"[35, 50)",male,"[170, 200)","[70, 100)"
739,1.453,2.3,,,1406.6,1:06:48,0:16:08,0.0,192.6,Run,2017-02-02T17:29:53,0,"[35, 50)",female,"[140, 170)","[70, 100)"
742,1.682,3.4,,,1977.5,0:41:45,0:19:36,1.0,141.2,Run,2017-01-31T17:43:37,0,"[20, 35)",female,"[140, 170)","[70, 100)"
743,0.692,0.9,,,1000.0,0:27:48,0:24:05,0.0,,Swim,2017-01-30T13:12:10,7,"[35, 50)",male,"[170, 200)","[70, 100)"
744,3.233,5.0,141.3,174.0,9342.0,0:48:10,0:48:10,239.0,109.0,Run,2017-01-28T10:59:50,5,"[35, 50)",male,"[170, 200)","[70, 100)"
745,2.857,3.6,133.8,145.0,1902.5,0:24:36,0:11:06,8.0,90.2,Run,2017-01-28T10:32:17,4,"[20, 35)",male,"[170, 200)","[70, 100)"
746,0.624,1.2,,,1125.0,0:30:55,0:30:04,0.0,,Swim,2017-01-27T12:19:09,8,"[35, 50)",female,"[140, 170)","[70, 100)"
747,1.194,3.2,,,2766.2,1:02:32,0:38:36,7.0,106.8,Run,2017-01-26T17:31:28,4,"[20, 35)",female,"[140, 170)","[70, 100)"
748,1.937,5.4,137.6,174.0,4622.8,0:52:39,0:39:47,206.0,130.2,Run,2017-01-25T19:03:28,9,"[20, 35)",male,"[170, 200)","[70, 100)"
750,1.288,2.4,,,793.5,0:16:36,0:10:16,1.0,153.8,Run,2017-01-24T17:40:38,2,"[20, 35)",male,"[170, 200)","[70, 100)"
751,0.671,1.5,,,1725.0,0:43:54,0:42:52,0.0,,Swim,2017-01-23T13:56:29,6,"[20, 35)",female,"[140, 170)","[70, 100)"
752,2.902,5.1,139.3,158.0,4201.8,0:41:30,0:24:08,20.0,96.6,Run,2017-01-22T12:41:14,7,"[20, 35)",female,"[140, 170)","[70, 100)"
754,2.555,4.0,140.6,165.0,5565.8,0:51:02,0:36:18,120.0,119.2,Run,2017-01-21T10:32:01,4,"[20, 35)",male,"[170, 200)","[70, 100)"
756,0.978,3.3,,,442.0,0:40:58,0:07:32,0.0,-154.2,Run,2017-01-17T17:44:12,0,"[35, 50)",female,"[140, 170)","[70, 100)"
757,3.101,4.3,,,6056.6,0:34:54,0:32:33,16.0,50.2,Run,2017-01-16T15:12:49,5,"[35, 50)",male,"[170, 200)","[70, 100)"
759,2.756,4.0,140.5,151.0,5631.4,1:03:22,0:34:03,32.0,144.2,Run,2017-01-13T11:55:51,6,"[35, 50)",male,"[170, 200)","[70, 100)"
760,2.315,3.8,,,6018.5,0:44:43,0:43:20,41.0,96.0,Run,2017-01-11T19:41:26,7,"[20, 35)",female,"[140, 170)","[70, 100)"
761,2.29,3.8,,,916.0,0:29:37,0:06:40,6.0,101.0,Run,2017-01-11T18:06:32,4,"[35, 50)",male,"[170, 200)","[70, 100)"
764,2.845,4.2,,,4524.1,0:30:23,0:26:30,65.0,83.6,Run,2017-01-06T12:56:09,1,"[35, 50)",male,"[170, 200)","[70, 100)"
765,2.927,3.5,,,4112.0,0:33:11,0:23:25,9.0,329.8,Run,2017-01-04T19:06:25,4,"[20, 35)",male,"[170, 200)","[70, 100)"
766,2.284,5.5,,,11250.0,1:33:24,1:22:06,166.0,958.8,Run,2017-01-01T12:02:09,0,"[35, 50)",male,"[170, 200)","[70, 100)"
768,2.976,4.4,,,291.6,0:21:17,0:01:38,0.0,965.6,AlpineSki,2016-12-31T11:02:41,0,"[20, 35)",male,"[170, 200)","[70, 100)"
771,1.071,4.0,,,5805.8,1:47:11,1:30:23,322.0,1794.4,Hike,2016-12-25T08:19:10,0,"[20, 35)",male,"[170, 200)","[70, 100)"
773,1.013,3.4,,,8210.7,2:59:58,2:15:03,757.0,1612.4,Hike,2016-12-24T07:48:27,0,"[35, 50)",male,"[170, 200)","[70, 100)"
774,5.138,6.8,,,7681.4,0:28:22,0:24:55,19.0,127.8,Ride,2016-12-23T11:39:35,3,"[35, 50)",female,"[140, 170)","[70, 100)"
777,2.937,4.5,149.5,170.0,6461.7,0:39:28,0:36:40,51.0,124.6,Run,2016-12-14T19:00:01,0,"[20, 35)",male,"[170, 200)","[70, 100)"
778,3.044,3.8,131.6,142.0,2544.7,0:15:00,0:13:56,8.0,131.8,Run,2016-12-14T18:24:11,0,"[20, 35)",female,"[140, 170)","[70, 100)"
779,2.19,5.8,,,4977.6,0:44:04,0:37:53,442.0,917.8,Run,2016-12-11T09:51:44,1,"[35, 50)",male,"[170, 200)","[70, 100)"
780,1.689,4.6,,,15442.5,2:56:17,2:32:25,816.0,1104.0,Run,2016-12-10T10:30:41,1,"[35, 50)",male,"[170, 200)","[70, 100)"
781,3.258,5.1,,,9742.4,0:58:20,0:49:50,52.0,102.2,Run,2016-12-08T13:55:32,4,"[20, 35)",male,"[170, 200)","[70, 100)"
785,3.272,17.5,,,10799.6,0:58:53,0:55:01,47.0,75.2,Run,2016-11-28T12:04:16,3,"[35, 50)",female,"[140, 170)","[70, 100)"
787,2.532,4.8,,,2711.6,0:18:44,0:17:51,27.0,105.0,Run,2016-11-26T11:29:47,0,"[35, 50)",male,"[170, 200)","[70, 100)"
788,3.222,4.0,,,3528.6,0:19:55,0:18:15,11.0,105.0,Run,2016-11-26T10:59:04,0,"[20, 35)",male,"[170, 200)","[40, 70)"
791,1.944,3.3,,,1944.2,0:17:41,0:16:40,6.0,107.4,Run,2016-11-24T17:33:02,0,"[35, 50)",male,"[170, 200)","[70, 100)"
792,5.186,7.4,,,13841.5,1:01:10,0:44:29,16.0,112.6,Ride,2016-11-24T16:24:28,0,"[35, 50)",male,"[170, 200)","[70, 100)"
793,3.222,6.6,,,3521.7,0:18:42,0:18:13,15.0,113.4,Run,2016-11-23T19:34:07,0,"[20, 35)",female,"[140, 170)","[70, 100)"
794,2.896,3.8,,,1514.7,0:15:33,0:08:43,0.0,79.4,Run,2016-11-23T19:07:14,0,"[20, 35)",female,"[140, 170)","[70, 100)"
795,3.018,4.1,,,9282.3,0:52:07,0:51:16,36.0,101.4,Run,2016-11-22T13:44:38,3,"[35, 50)",female,"[140, 170)","[70, 100)"
798,3.042,3.3,,,839.5,0:05:01,0:04:36,2.0,208.4,Run,2016-11-19T10:45:37,0,"[35, 50)",male,"[170, 200)","[40, 70)"
800,2.914,4.3,,,3560.7,0:22:14,0:20:22,21.0,120.6,Run,2016-11-19T09:31:31,0,"[35, 50)",male,"[170, 200)","[70, 100)"
801,2.082,3.3,,,5655.6,0:56:52,0:45:17,179.0,101.8,Run,2016-11-16T19:02:28,2,"[20, 35)",male,"[170, 200)","[70, 100)"
803,2.537,4.0,111.6,153.0,5409.8,0:35:38,0:35:32,219.0,128.6,Run,2016-11-09T19:15:43,3,"[20, 35)",female,"[140, 170)","[70, 100)"
804,4.762,7.5,,,8662.3,0:38:24,0:30:19,22.0,103.4,Ride,2016-11-08T19:12:32,1,"[20, 35)",female,"[140, 170)","[70, 100)"
805,2.411,6.0,,,2317.4,0:16:01,0:16:01,0.0,115.2,Run,2016-11-08T17:36:34,1,"[20, 35)",male,"[170, 200)","[40, 70)"
806,5.31,7.8,,,11129.6,0:39:12,0:34:56,14.0,111.8,Ride,2016-11-08T16:49:10,1,"[35, 50)",female,"[140, 170)","[70, 100)"
807,2.949,3.8,131.1,143.0,5266.1,0:30:20,0:29:46,53.0,222.8,Run,2016-11-06T09:04:09,1,"[20, 35)",female,"[140, 170)","[70, 100)"
808,3.307,4.9,142.3,165.0,12265.2,1:05:25,1:01:49,81.0,172.8,Run,2016-11-05T14:20:13,0,"[35, 50)",male,"[170, 200)","[70, 100)"
810,1.433,5.5,,,2327.1,1:11:02,0:27:04,0.0,116.0,Run,2016-11-03T17:35:13,2,"[20, 35)",male,"[170, 200)","[70, 100)"
811,5.299,7.8,,,11551.8,0:41:18,0:36:20,15.0,115.8,Ride,2016-11-03T16:41:36,1,"[20, 35)",male,"[170, 200)","[70, 100)"
812,2.621,3.9,,,4313.8,0:32:42,0:27:26,87.0,168.2,Run,2016-11-02T19:01:06,1,"[35, 50)",male,"[170, 200)","[40, 70)"
813,3.139,3.8,,,5882.2,0:55:19,0:31:14,31.0,115.6,Run,2016-11-01T12:09:27,3,"[35, 50)",male,"[170, 200)","[70, 100)"
814,2.224,2.6,,,121660.0,15:11:31,15:11:31,7090.2,1931.4,Run,2016-11-01T00:00:00,0,"[35, 50)",male,"[170, 200)","[70, 100)"
817,3.187,3.9,,,7033.0,0:38:22,0:36:47,25.0,93.6,Run,2016-10-30T14:25:30,3,"[35, 50)",female,"[140, 170)","[70, 100)"
819,0.0,0.0,,,0.0,1:00:00,1:00:00,0.0,,RockClimbing,2016-10-29T15:20:00,1,"[35, 50)",male,"[170, 200)","[70, 100)"
820,0.0,0.0,,,0.0,1:15:00,1:15:00,0.0,,Yoga,2016-10-28T15:20:00,0,"[20, 35)",female,"[140, 170)","[70, 100)"
821,3.35,4.4,149.3,162.0,12925.6,1:06:31,1:04:18,50.0,103.0,Run,2016-10-28T10:11:46,5,"[35, 50)",male,"[170, 200)","[40, 70)"
823,2.856,4.8,130.9,167.0,7290.2,0:53:12,0:42:33,32.0,105.8,Run,2016-10-26T19:12:06,5,"[20, 35)",male,"[170, 200)","[70, 100)"
824,0.0,0.0,,,0.0,1:15:00,1:15:00,0.0,,Yoga,2016-10-26T15:20:00,0,"[20, 35)",male,"[170, 200)","[40, 70)"
827,5.303,7.5,,,11449.7,0:38:54,0:35:59,25.0,116.2,Ride,2016-10-25T19:11:23,3,"[20, 35)",male,"[170, 200)","[70, 100)"
828,1.843,4.4,,,2678.4,1:08:34,0:24:13,1.0,104.0,Run,2016-10-25T17:33:33,2,"[20, 35)",female,"[140, 170)","[70, 100)"
829,5.584,8.6,,,11531.5,0:37:19,0:34:25,19.0,108.6,Ride,2016-10-25T16:44:47,1,"[20, 35)",male,"[170, 200)","[70, 100)"
830,0.0,0.0,,,0.0,1:30:00,1:30:00,0.0,,WeightTraining,2016-10-25T15:20:00,0,"[20, 35)",male,"[170, 200)","[40, 70)"
831,2.938,4.2,,,6089.9,1:02:52,0:34:33,20.0,101.6,Run,2016-10-24T17:17:12,3,"[20, 35)",male,"[170, 200)","[70, 100)"
833,3.001,3.7,136.5,156.0,8604.4,0:59:33,0:47:47,29.0,77.6,Run,2016-10-22T10:04:46,2,"[20, 35)",male,"[170, 200)","[70, 100)"
834,3.224,4.2,,,5316.9,0:28:13,0:27:29,5.0,99.2,Run,2016-10-19T19:40:48,3,"[35, 50)",male,"[170, 200)","[70, 100)"
835,1.992,4.9,166.5,177.0,3745.3,0:31:20,0:31:20,502.0,888.2,Run,2016-10-16T10:56:45,3,"[35, 50)",male,"[170, 200)","[70, 100)"
837,2.338,3.8,,,2987.8,1:05:15,0:21:18,476.0,1199.6,Run,2016-10-15T10:00:33,0,"[20, 35)",male,"[170, 200)","[70, 100)"
838,3.151,4.5,,,1175.5,0:06:58,0:06:13,11.0,968.8,Run,2016-10-14T15:10:09,0,"[35, 50)",male,"[170, 200)","[40, 70)"
839,2.597,4.8,,,2825.6,0:18:08,0:18:08,261.0,991.8,Run,2016-10-14T14:49:52,0,"[20, 35)",male,"[170, 200)","[70, 100)"
840,2.333,3.0,,,191.3,0:02:49,0:01:22,3.0,714.0,Run,2016-10-14T14:44:25,0,"[35, 50)",male,"[170, 200)","[70, 100)"
841,2.114,3.1,135.5,146.0,319.2,0:02:31,0:02:31,0.0,973.6,Run,2016-10-13T18:03:54,0,"[35, 50)",male,"[170, 200)","[40, 70)"
842,2.197,3.6,170.1,181.0,1950.5,0:14:48,0:14:48,247.0,997.2,Run,2016-10-13T17:48:20,0,"[20, 35)",female,"[140, 170)","[70, 100)"
843,3.07,4.2,118.3,131.0,1848.0,0:10:32,0:10:02,0.0,957.8,Run,2016-10-13T17:33:42,0,"[35, 50)",male,"[170, 200)","[70, 100)"
844,2.897,5.1,,,9073.8,1:04:53,0:52:12,141.0,100.4,Run,2016-10-12T18:40:39,0,"[35, 50)",male,"[170, 200)","[70, 100)"
845,0.853,4.6,,,4093.0,1:19:59,1:19:59,0.0,83.4,Run,2016-10-11T17:35:13,0,"[35, 50)",male,"[170, 200)","[70, 100)"
846,4.767,8.1,,,19602.8,1:19:29,1:08:32,107.0,81.0,Ride,2016-10-09T13:25:20,0,"[35, 50)",female,"[140, 170)","[70, 100)"
848,2.768,7.4,,,653.2,0:04:27,0:03:56,19.0,115.4,Run,2016-10-09T11:37:15,0,"[20, 35)",male,"[170, 200)","[70, 100)"
850,3.268,10.3,,,5193.1,0:27:23,0:26:29,40.0,111.0,Run,2016-10-09T09:45:06,0,"[20, 35)",male,"[170, 200)","[70, 100)"
851,5.478,7.6,,,1769.4,0:05:23,0:05:23,2.0,71.4,Ride,2016-10-09T09:37:54,0,"[20, 35)",male,"[170, 200)","[40, 70)"
852,2.613,6.8,152.4,180.0,26476.9,3:01:31,2:48:54,90.0,109.6,Run,2016-10-08T12:18:32,0,"[20, 35)",male,"[170, 200)","[70, 100)"
853,3.306,5.4,140.8,157.0,13342.2,1:22:01,1:07:16,48.0,92.8,Run,2016-10-06T16:41:36,6,"[35, 50)",female,"[140, 170)","[70, 100)"
854,5.2,7.9,92.9,109.0,9926.2,0:39:35,0:31:49,17.0,105.6,Ride,2016-10-04T19:11:24,1,"[35, 50)",male,"[170, 200)","[40, 70)"
855,1.382,4.5,135.9,172.0,3462.4,0:41:46,0:41:46,0.0,9.8,Run,2016-10-04T18:03:35,2,"[20, 35)",female,"[140, 170)","[70, 100)"
857,5.266,7.3,140.4,155.0,11096.2,0:38:38,0:35:07,29.0,74.2,Ride,2016-10-04T16:46:30,1,"[35, 50)",male,"[170, 200)","[70, 100)"
858,5.085,9.3,,,49808.5,3:01:01,2:43:15,100.0,111.8,Ride,2016-10-01T15:28:16,3,"[20, 35)",male,"[170, 200)","[40, 70)"
859,0.704,4.1,132.4,160.0,1994.3,0:47:13,0:47:13,0.0,96.2,Run,2016-09-29T18:02:24,0,"[35, 50)",male,"[170, 200)","[40, 70)"
860,2.899,3.6,128.1,142.0,2345.6,0:13:33,0:13:29,29.0,101.2,Run,2016-09-29T17:45:20,0,"[35, 50)",male,"[170, 200)","[70, 100)"
864,2.514,4.2,,,7388.4,0:54:09,0:48:59,39.0,105.2,Run,2016-09-25T10:54:36,1,"[20, 35)",female,"[140, 170)","[70, 100)"
865,2.875,3.5,129.6,137.0,1374.4,0:09:05,0:07:58,6.0,96.6,Run,2016-09-24T10:54:14,1,"[20, 35)",male,"[170, 200)","[70, 100)"
866,3.544,5.6,171.7,179.0,7865.0,0:37:38,0:36:59,27.0,98.0,Run,2016-09-24T10:07:58,1,"[35, 50)",female,"[140, 170)","[70, 100)"
868,3.161,4.3,,,6530.1,0:40:20,0:34:26,106.0,137.8,Run,2016-09-23T10:33:13,0,"[35, 50)",female,"[140, 170)","[70, 100)"
870,2.985,4.7,,,9838.7,0:56:05,0:54:56,143.0,139.4,Run,2016-09-21T13:38:52,0,"[20, 35)",female,"[140, 170)","[70, 100)"
871,2.683,4.9,,,1212.7,0:07:40,0:07:32,49.0,268.6,Run,2016-09-18T09:57:24,0,"[20, 35)",male,"[170, 200)","[40, 70)"
872,2.956,3.4,,,416.8,0:04:08,0:02:21,0.0,239.4,Run,2016-09-18T09:45:47,0,"[20, 35)",male,"[170, 200)","[70, 100)"
873,2.188,2.7,,,91.9,0:00:46,0:00:42,0.0,278.4,Run,2016-09-18T09:38:40,0,"[20, 35)",male,"[170, 200)","[70, 100)"
874,1.91,4.3,,,4262.3,0:38:19,0:37:11,139.0,328.4,Run,2016-09-16T16:51:22,0,"[35, 50)",female,"[140, 170)","[70, 100)"
876,2.836,3.7,,,3329.1,0:23:30,0:19:34,3.0,96.0,Run,2016-09-14T11:09:45,2,"[20, 35)",male,"[170, 200)","[40, 70)"
877,2.837,4.5,,,4003.5,0:32:15,0:23:31,23.0,98.4,Run,2016-09-14T10:34:28,1,"[35, 50)",male,"[170, 200)","[40, 70)"
878,2.945,3.5,,,1987.6,0:11:27,0:11:15,4.0,89.6,Run,2016-09-14T10:19:22,1,"[35, 50)",male,"[170, 200)","[70, 100)"
879,3.563,4.9,,,13698.2,1:13:31,1:04:05,53.0,101.2,Run,2016-09-13T17:54:03,5,"[35, 50)",male,"[170, 200)","[40, 70)"
881,2.997,4.0,,,5301.1,0:33:16,0:29:29,6.0,112.6,Run,2016-09-12T20:25:15,3,"[20, 35)",male,"[170, 200)","[70, 100)"
882,2.264,4.3,,,4470.9,0:36:22,0:32:55,130.0,309.4,Run,2016-09-10T14:11:06,2,"[20, 35)",female,"[140, 170)","[70, 100)"
883,2.188,3.9,,,5178.3,0:44:05,0:39:27,152.0,302.8,Run,2016-09-10T11:14:37,1,"[35, 50)",male,"[170, 200)","[70, 100)"
884,2.969,3.5,,,1362.6,0:08:05,0:07:39,11.0,296.6,Run,2016-09-10T11:00:46,0,"[35, 50)",male,"[170, 200)","[40, 70)"
887,4.229,5.9,,,1962.1,0:08:14,0:07:44,1.0,92.0,Ride,2016-09-07T16:48:45,0,"[20, 35)",female,"[140, 170)","[70, 100)"
889,2.43,4.8,,,6177.6,0:43:22,0:42:22,147.0,982.0,Run,2016-09-04T12:48:51,2,"[35, 50)",male,"[170, 200)","[70, 100)"
890,2.614,3.7,,,2161.8,0:30:50,0:13:47,28.0,888.6,Run,2016-09-04T12:13:17,1,"[35, 50)",male,"[170, 200)","[70, 100)"
891,2.147,5.4,,,9913.9,1:23:36,1:16:57,295.0,982.6,Run,2016-09-03T12:57:44,0,"[35, 50)",male,"[170, 200)","[40, 70)"
892,2.702,3.3,,,1253.9,0:07:47,0:07:44,8.0,897.4,Run,2016-09-03T12:39:00,0,"[35, 50)",female,"[140, 170)","[70, 100)"
896,2.405,5.7,133.1,172.0,4576.4,0:32:13,0:31:43,342.0,989.0,Run,2016-08-30T15:23:01,0,"[20, 35)",female,"[140, 170)","[70, 100)"
897,3.214,4.1,127.0,139.0,1192.5,0:11:18,0:06:11,7.0,626.8,Run,2016-08-30T15:04:12,0,"[35, 50)",male,"[170, 200)","[40, 70)"
898,2.127,4.8,120.3,151.0,1695.4,0:57:03,0:13:17,234.0,1001.8,Run,2016-08-30T14:06:07,0,"[35, 50)",female,"[140, 170)","[70, 100)"
899,3.36,5.5,,,4311.0,0:32:29,0:21:23,47.0,1243.4,Run,2016-08-29T11:22:50,0,"[20, 35)",male,"[170, 200)","[70, 100)"
901,1.893,3.9,114.5,132.0,969.4,0:18:55,0:08:32,0.0,1023.0,Run,2016-08-28T18:46:34,0,"[20, 35)",male,"[170, 200)","[70, 100)"
902,1.932,4.7,165.2,173.0,3513.8,0:30:19,0:30:19,437.0,1024.4,Run,2016-08-28T18:02:12,0,"[35, 50)",male,"[170, 200)","[70, 100)"
903,2.044,4.7,,,6752.5,0:59:55,0:55:03,211.0,426.2,Run,2016-08-27T09:59:02,0,"[35, 50)",male,"[170, 200)","[40, 70)"
904,5.773,8.0,131.5,145.0,8543.8,0:27:08,0:24:40,16.0,124.0,Ride,2016-08-26T13:06:58,0,"[35, 50)",male,"[170, 200)","[70, 100)"
905,3.084,4.9,148.6,176.0,6756.2,0:38:28,0:36:31,171.0,124.0,Run,2016-08-26T12:06:42,1,"[35, 50)",male,"[170, 200)","[70, 100)"
906,5.973,8.6,119.2,136.0,8057.2,0:24:26,0:22:29,12.0,112.2,Ride,2016-08-26T11:38:26,0,"[20, 35)",male,"[170, 200)","[70, 100)"
908,3.629,5.2,149.3,177.0,15579.2,1:18:14,1:11:33,53.0,113.6,Run,2016-08-24T17:52:14,4,"[35, 50)",male,"[170, 200)","[70, 100)"
910,5.959,9.7,,,28944.1,1:37:34,1:20:57,63.0,112.0,Ride,2016-08-23T06:32:36,0,"[20, 35)",male,"[170, 200)","[40, 70)"
914,1.253,4.6,160.6,207.0,5895.9,1:18:24,1:13:28,940.0,2476.0,Run,2016-08-19T05:47:26,0,"[20, 35)",female,"[140, 170)","[70, 100)"
915,2.728,3.4,153.9,162.0,1661.5,0:10:12,0:10:09,87.0,1391.2,Run,2016-08-19T05:16:45,0,"[35, 50)",male,"[170, 200)","[70, 100)"
916,2.796,4.7,112.8,141.0,4179.8,1:01:01,0:24:55,2.0,1076.0,Run,2016-08-17T14:19:33,3,"[35, 50)",female,"[140, 170)","[70, 100)"
917,2.101,5.4,168.6,178.0,4947.9,0:39:15,0:39:15,0.0,1165.8,Run,2016-08-17T13:20:32,3,"[35, 50)",male,"[170, 200)","[70, 100)"
918,1.793,3.6,104.0,129.0,936.2,0:13:44,0:08:42,34.0,584.0,Run,2016-08-17T12:57:58,0,"[20, 35)",male,"[170, 200)","[70, 100)"
919,3.276,5.0,,,5632.0,0:39:19,0:28:39,1.0,1271.6,Run,2016-08-16T19:10:50,2,"[35, 50)",female,"[140, 170)","[70, 100)"
921,1.978,5.2,,,7171.0,1:00:26,0:55:41,306.0,131.2,Run,2016-08-14T11:12:00,2,"[20, 35)",female,"[140, 170)","[70, 100)"
922,3.044,3.6,,,1683.1,0:14:23,0:09:13,11.0,107.8,Run,2016-08-14T10:48:26,1,"[35, 50)",female,"[140, 170)","[70, 100)"
923,2.387,4.7,,,7037.1,0:49:08,0:46:23,202.0,166.8,Run,2016-08-13T11:11:59,0,"[20, 35)",female,"[140, 170)","[70, 100)"
925,5.527,8.1,,,39487.0,2:52:01,1:59:04,68.0,110.6,Ride,2016-08-11T16:11:08,1,"[20, 35)",male,"[170, 200)","[40, 70)"
926,3.583,6.3,147.3,176.0,9791.3,0:54:35,0:45:33,22.0,96.8,Run,2016-08-11T11:52:38,3,"[20, 35)",male,"[170, 200)","[70, 100)"
927,3.137,5.2,127.6,149.0,7575.6,0:51:48,0:40:15,32.0,106.6,Run,2016-08-10T16:58:59,1,"[35, 50)",male,"[170, 200)","[70, 100)"
929,3.424,5.8,142.3,170.0,9303.3,0:53:20,0:45:17,27.0,105.2,Run,2016-08-04T19:05:58,2,"[20, 35)",female,"[140, 170)","[70, 100)"
935,3.085,3.5,,,1341.9,0:08:01,0:07:15,7.0,554.0,Run,2016-07-28T16:01:38,0,"[20, 35)",male,"[170, 200)","[70, 100)"
936,2.368,7.1,,,7931.4,0:55:50,0:55:38,672.0,1240.8,Run,2016-07-28T15:05:16,3,"[20, 35)",female,"[140, 170)","[70, 100)"
937,2.9,3.9,,,2267.7,0:14:45,0:13:02,44.0,569.0,Run,2016-07-28T14:43:07,0,"[35, 50)",male,"[170, 200)","[70, 100)"
938,1.758,4.2,,,7916.5,1:39:21,1:15:02,610.0,913.4,Run,2016-07-27T19:27:18,2,"[35, 50)",male,"[170, 200)","[70, 100)"
939,3.525,4.6,150.1,164.0,15526.4,1:15:05,1:13:25,47.0,110.0,Run,2016-07-26T19:18:11,2,"[20, 35)",male,"[170, 200)","[70, 100)"
940,3.108,3.8,130.0,151.0,8134.9,0:51:32,0:43:37,31.0,91.6,Run,2016-07-25T18:33:33,3,"[20, 35)",female,"[140, 170)","[70, 100)"
942,3.369,5.5,150.7,175.0,17752.8,1:40:59,1:27:49,55.0,98.0,Run,2016-07-23T11:36:00,1,"[35, 50)",male,"[170, 200)","[70, 100)"
943,2.892,4.5,136.8,174.0,9959.6,1:06:52,0:57:24,141.0,123.6,Run,2016-07-22T18:59:41,1,"[20, 35)",male,"[170, 200)","[70, 100)"
945,3.282,6.2,144.5,180.0,9816.7,1:02:55,0:49:51,36.0,104.0,Run,2016-07-21T13:14:06,0,"[20, 35)",male,"[170, 200)","[70, 100)"
947,3.06,3.8,135.4,144.0,3105.7,0:17:01,0:16:55,17.0,92.0,Run,2016-07-20T13:39:52,0,"[20, 35)",female,"[140, 170)","[70, 100)"
948,3.865,5.8,162.3,185.0,3493.6,0:15:10,0:15:04,5.0,86.0,Run,2016-07-20T13:06:23,0,"[35, 50)",male,"[170, 200)","[70, 100)"
949,3.065,3.9,126.2,147.0,3291.6,0:24:51,0:17:54,9.0,100.2,Run,2016-07-20T12:38:20,0,"[35, 50)",male,"[170, 200)","[70, 100)"
951,4.565,6.6,,,3396.1,0:55:19,0:12:24,5.0,113.6,Ride,2016-07-19T10:34:36,0,"[35, 50)",male,"[170, 200)","[40, 70)"
952,5.231,8.3,,,9897.5,1:18:05,0:31:32,20.0,104.2,Ride,2016-07-18T11:55:32,0,"[20, 35)",female,"[140, 170)","[70, 100)"
953,4.611,6.6,,,4302.0,0:21:09,0:15:33,8.0,103.4,Ride,2016-07-18T11:13:28,0,"[35, 50)",male,"[170, 200)","[70, 100)"
954,2.139,3.9,133.3,172.0,7379.1,1:08:24,0:57:30,341.0,1265.0,Run,2016-07-17T10:39:49,1,"[20, 35)",male,"[170, 200)","[70, 100)"
955,2.396,2.9,,,2551.8,0:18:16,0:17:45,60.0,999.8,Run,2016-07-17T07:35:24,0,"[35, 50)",male,"[170, 200)","[70, 100)"
956,2.665,7.6,128.6,170.0,6892.4,0:52:07,0:43:06,84.0,959.2,Run,2016-07-16T16:37:01,2,"[35, 50)",male,"[170, 200)","[70, 100)"
957,2.365,4.0,122.0,157.0,6244.5,1:11:19,0:44:00,124.0,964.6,Run,2016-07-16T10:35:54,1,"[35, 50)",female,"[140, 170)","[70, 100)"
958,2.26,2.9,,,2533.8,0:18:58,0:18:41,63.0,1015.8,Run,2016-07-16T07:33:42,0,"[35, 50)",male,"[170, 200)","[70, 100)"
959,0.913,0.0,,,23000.0,7:00:00,7:00:00,0.0,,Hike,2016-07-15T10:00:00,0,"[35, 50)",male,"[170, 200)","[40, 70)"
960,2.426,3.8,,,2508.3,0:17:32,0:17:14,64.0,999.8,Run,2016-07-15T07:34:43,0,"[35, 50)",male,"[170, 200)","[70, 100)"
961,2.681,6.6,,,5268.3,0:50:50,0:32:45,44.0,967.4,Run,2016-07-14T16:44:06,0,"[35, 50)",male,"[170, 200)","[70, 100)"
962,2.087,3.4,,,8592.7,1:17:35,1:08:37,279.0,1179.4,Run,2016-07-14T10:42:00,2,"[35, 50)",male,"[170, 200)","[70, 100)"
963,2.263,2.9,,,2528.3,0:18:37,0:18:37,63.0,998.0,Run,2016-07-14T07:32:03,0,"[35, 50)",male,"[170, 200)","[70, 100)"
964,2.161,4.0,121.9,151.0,13759.2,1:58:10,1:46:06,560.0,1321.6,Run,2016-07-13T16:02:57,2,"[20, 35)",female,"[140, 170)","[70, 100)"
966,2.25,2.9,,,2538.5,0:18:48,0:18:48,62.0,996.2,Run,2016-07-13T07:33:49,1,"[20, 35)",male,"[170, 200)","[70, 100)"
968,2.779,6.4,128.6,168.0,6308.0,1:35:14,0:37:50,96.0,984.4,Run,2016-07-12T16:07:42,1,"[35, 50)",male,"[170, 200)","[40, 70)"
970,1.592,3.2,,,1363.1,0:47:58,0:14:16,21.0,952.0,Run,2016-07-12T11:13:22,0,"[35, 50)",male,"[170, 200)","[70, 100)"
971,3.718,5.9,,,397.8,0:01:47,0:01:47,2.0,944.4,Run,2016-07-12T10:35:57,0,"[20, 35)",female,"[140, 170)","[70, 100)"
972,2.008,3.7,,,3714.0,0:43:19,0:30:50,59.0,959.0,Run,2016-07-12T09:48:32,1,"[35, 50)",female,"[140, 170)","[70, 100)"
973,2.212,2.8,111.5,135.0,2541.4,0:19:09,0:19:09,57.0,1003.4,Run,2016-07-12T07:31:28,0,"[20, 35)",female,"[140, 170)","[70, 100)"
979,2.045,2.4,,,1879.8,0:20:12,0:15:19,33.0,960.8,Run,2016-07-10T07:35:06,0,"[35, 50)",male,"[170, 200)","[70, 100)"
980,1.821,6.1,,,9718.9,1:34:17,1:28:58,634.2,1249.0,Run,2016-07-09T07:16:49,0,"[35, 50)",male,"[170, 200)","[70, 100)"
981,5.123,8.0,,,31396.4,2:03:34,1:42:09,68.0,109.8,Ride,2016-07-07T11:00:29,1,"[35, 50)",male,"[170, 200)","[70, 100)"
982,4.352,6.5,,,5262.0,1:01:53,0:20:09,12.0,132.4,Ride,2016-07-06T10:31:26,0,"[20, 35)",male,"[170, 200)","[70, 100)"
983,2.912,3.9,120.7,137.0,2777.9,0:25:13,0:15:54,16.0,101.6,Run,2016-07-05T18:31:45,0,"[35, 50)",male,"[170, 200)","[70, 100)"
984,3.109,5.1,144.7,158.0,4377.7,0:25:31,0:23:28,31.8,111.9,Run,2016-07-05T18:31:29,0,"[35, 50)",female,"[140, 170)","[70, 100)"
987,3.403,7.5,150.1,187.0,10059.3,1:06:42,0:49:16,16.5,112.0,Run,2016-07-04T14:58:44,0,"[35, 50)",male,"[170, 200)","[70, 100)"
989,0.675,2.7,114.6,134.0,534.0,0:24:12,0:13:11,114.0,929.2,Run,2016-07-04T12:13:02,0,"[35, 50)",male,"[170, 200)","[70, 100)"
990,1.961,2.6,118.1,133.0,1919.8,0:19:01,0:16:19,31.0,797.6,Run,2016-07-03T20:40:59,1,"[35, 50)",male,"[170, 200)","[70, 100)"
992,3.353,6.3,145.3,192.0,15844.5,1:25:42,1:18:46,69.2,117.9,Run,2016-07-03T12:12:01,0,"[20, 35)",male,"[170, 200)","[70, 100)"
993,3.224,5.1,143.2,157.0,8405.7,0:52:39,0:43:27,24.6,111.8,Run,2016-07-02T19:28:41,0,"[20, 35)",female,"[140, 170)","[70, 100)"
994,2.654,4.5,,,4955.7,0:31:07,0:31:07,53.0,1043.4,Run,2016-07-02T09:15:32,1,"[20, 35)",male,"[170, 200)","[70, 100)"
995,2.76,3.4,,,551.9,0:03:20,0:03:20,0.0,1122.6,Run,2016-07-02T07:04:17,0,"[20, 35)",male,"[170, 200)","[70, 100)"
997,3.182,6.3,136.3,163.0,8326.5,0:51:50,0:43:37,24.6,111.9,Run,2016-07-01T19:31:32,0,"[35, 50)",male,"[170, 200)","[70, 100)"
998,3.021,4.4,118.6,137.0,2251.0,0:14:53,0:12:25,0.0,607.8,Run,2016-07-01T19:11:28,1,"[20, 35)",male,"[170, 200)","[40, 70)"
1000,1.823,3.3,,,5641.4,1:16:29,0:51:35,248.0,928.8,Run,2016-06-30T19:17:09,1,"[35, 50)",male,"[170, 200)","[70, 100)"
1001,2.967,4.9,,,6649.7,1:03:43,0:37:21,14.0,111.9,Run,2016-06-29T17:14:48,0,"[35, 50)",male,"[170, 200)","[70, 100)"
1003,2.734,4.7,,,4300.4,0:35:30,0:26:13,111.0,1189.1,Run,2016-06-23T09:56:58,1,"[20, 35)",female,"[140, 170)","[70, 100)"
1004,0.0,0.0,,,0.0,,,0.0,,Run,2016-06-22T07:15:19,0,"[35, 50)",female,"[140, 170)","[70, 100)"
1005,3.224,6.8,,,9687.4,1:10:52,0:50:05,14.7,112.0,Run,2016-06-21T13:29:22,0,"[35, 50)",male,"[170, 200)","[70, 100)"
1006,2.681,8.6,,,19932.3,2:13:20,2:03:56,707.7,104.2,Run,2016-06-19T07:56:08,0,"[35, 50)",female,"[140, 170)","[70, 100)"
1007,2.314,5.9,,,12406.2,1:33:37,1:29:21,445.5,96.5,Run,2016-06-18T22:59:57,0,"[35, 50)",male,"[170, 200)","[70, 100)"
1008,2.424,4.1,,,2174.2,0:21:58,0:14:57,74.0,58.2,Run,2016-06-18T22:29:35,0,"[35, 50)",male,"[170, 200)","[40, 70)"
1010,2.308,5.4,,,2552.9,0:26:58,0:18:26,72.2,58.6,Run,2016-06-18T13:26:41,0,"[35, 50)",male,"[170, 200)","[70, 100)"
1011,3.572,7.3,155.4,185.0,8386.0,0:40:51,0:39:08,14.5,110.0,Run,2016-06-16T12:07:18,0,"[35, 50)",male,"[170, 200)","[70, 100)"
1013,3.29,4.5,137.0,171.0,2802.7,0:14:44,0:14:12,0.0,111.9,Run,2016-06-15T12:10:44,0,"[20, 35)",female,"[140, 170)","[70, 100)"
1016,3.302,6.4,,,11656.4,1:30:09,0:58:50,15.1,111.9,Run,2016-06-12T20:03:58,1,"[20, 35)",male,"[170, 200)","[70, 100)"
1017,3.104,0.0,,,13970.0,1:15:00,1:15:00,0.0,,Run,2016-06-11T12:00:00,1,"[20, 35)",female,"[140, 170)","[70, 100)"
1020,3.572,5.4,,,3550.2,0:16:44,0:16:34,0.0,105.0,Run,2016-06-09T19:05:55,0,"[35, 50)",male,"[170, 200)","[70, 100)"
1021,3.555,6.5,,,14307.5,1:11:25,1:07:05,68.9,117.9,Run,2016-06-08T12:06:44,1,"[20, 35)",female,"[140, 170)","[70, 100)"
1022,3.056,4.7,,,10264.0,1:07:34,0:55:59,14.6,111.9,Run,2016-06-07T18:29:29,0,"[35, 50)",male,"[170, 200)","[40, 70)"
1025,2.39,5.7,,,3085.4,0:32:48,0:21:31,0.0,112.7,Run,2016-06-05T13:11:08,0,"[35, 50)",male,"[170, 200)","[70, 100)"
1026,3.825,7.0,,,3645.4,0:16:54,0:15:53,0.0,215.3,Run,2016-06-04T15:24:01,0,"[35, 50)",male,"[170, 200)","[40, 70)"
1027,2.859,5.3,,,3334.1,0:29:49,0:19:26,0.0,215.1,Run,2016-06-04T14:50:51,0,"[35, 50)",female,"[140, 170)","[70, 100)"
1028,3.031,8.8,131.3,161.0,8822.7,1:08:28,0:48:31,14.7,111.8,Run,2016-06-02T12:23:34,0,"[35, 50)",male,"[170, 200)","[70, 100)"
1032,2.128,5.5,122.6,142.0,2262.5,0:26:48,0:17:43,59.2,407.3,Run,2016-05-29T12:21:46,0,"[35, 50)",male,"[170, 200)","[70, 100)"
1033,2.005,6.1,156.3,177.0,5121.5,0:42:35,0:38:41,82.8,515.5,Run,2016-05-28T15:37:03,2,"[35, 50)",male,"[170, 200)","[70, 100)"
1036,2.893,3.7,130.4,152.0,2013.7,0:11:53,0:11:36,36.2,782.3,Run,2016-05-27T12:57:40,0,"[20, 35)",male,"[170, 200)","[70, 100)"
1037,1.991,5.2,141.1,170.0,12594.8,1:49:11,1:45:26,349.1,847.6,Run,2016-05-27T10:52:43,0,"[20, 35)",male,"[170, 200)","[70, 100)"
1038,2.089,4.8,,,8221.5,1:09:53,1:05:35,221.0,782.9,Run,2016-05-26T21:20:05,0,"[35, 50)",male,"[170, 200)","[70, 100)"
1041,3.196,4.9,146.1,176.0,9543.5,0:58:49,0:49:46,14.6,111.9,Run,2016-05-24T13:54:35,0,"[20, 35)",male,"[170, 200)","[70, 100)"
1042,2.688,8.0,,,13004.5,1:21:39,1:20:38,698.9,1328.4,Run,2016-05-23T05:27:35,5,"[35, 50)",female,"[140, 170)","[70, 100)"
1043,2.531,5.8,,,7622.0,0:51:05,0:50:11,47.1,1295.5,Run,2016-05-22T18:58:03,1,"[35, 50)",female,"[140, 170)","[70, 100)"
1044,1.042,0.0,,,15000.0,4:00:00,4:00:00,0.0,,Run,2016-05-21T10:00:00,0,"[20, 35)",male,"[170, 200)","[40, 70)"
1045,2.982,8.0,,,10859.5,1:24:08,1:00:42,294.1,1011.3,Run,2016-05-20T19:25:27,0,"[35, 50)",female,"[140, 170)","[70, 100)"
1046,0.909,0.0,,,18000.0,5:30:00,5:30:00,0.0,,Hike,2016-05-20T09:00:00,0,"[35, 50)",male,"[170, 200)","[40, 70)"
1049,3.682,7.1,,,4907.7,0:22:59,0:22:13,0.0,116.0,Run,2016-05-18T19:32:50,0,"[35, 50)",male,"[170, 200)","[40, 70)"
1055,0.61,3.8,,,633.0,0:17:32,0:17:17,0.0,109.6,Run,2016-05-14T12:56:34,0,"[20, 35)",male,"[170, 200)","[70, 100)"
1058,0.0,0.0,,,0.0,1:00:00,1:00:00,0.0,,WeightTraining,2016-05-11T19:30:00,0,"[35, 50)",male,"[170, 200)","[70, 100)"
1059,3.172,7.0,,,12126.1,1:06:06,1:03:43,114.8,147.1,Run,2016-05-11T11:49:12,1,"[20, 35)",male,"[170, 200)","[70, 100)"
1060,3.002,5.9,,,9184.6,0:54:16,0:51:00,97.4,147.9,Run,2016-05-10T13:58:15,2,"[35, 50)",female,"[140, 170)","[70, 100)"
1062,3.207,6.6,,,8549.4,1:12:45,0:44:26,0.0,216.0,Run,2016-05-08T10:55:46,1,"[35, 50)",female,"[140, 170)","[70, 100)"
1064,3.389,6.4,,,13972.3,1:10:43,1:08:43,78.7,117.9,Run,2016-05-06T17:55:29,1,"[20, 35)",male,"[170, 200)","[70, 100)"
1065,3.169,7.2,,,7025.6,0:48:01,0:36:57,0.0,105.0,Run,2016-05-05T19:08:24,1,"[20, 35)",male,"[170, 200)","[40, 70)"
1067,3.254,9.7,,,8444.9,1:01:48,0:43:15,14.7,111.9,Run,2016-05-03T12:31:46,0,"[35, 50)",male,"[170, 200)","[70, 100)"
1068,2.671,7.0,,,3762.8,0:24:31,0:23:29,74.9,231.2,Run,2016-05-02T10:58:27,0,"[20, 35)",male,"[170, 200)","[70, 100)"
1070,3.143,6.6,,,2929.0,0:20:26,0:15:32,0.0,124.9,Run,2016-05-01T11:44:50,0,"[35, 50)",male,"[170, 200)","[40, 70)"
1071,2.29,6.1,,,8067.0,1:07:46,0:58:43,222.7,342.6,Run,2016-04-30T16:42:38,0,"[35, 50)",female,"[140, 170)","[70, 100)"
1073,3.258,6.8,146.4,168.0,7946.2,0:49:16,0:40:39,14.6,111.8,Run,2016-04-29T13:11:37,0,"[20, 35)",female,"[140, 170)","[70, 100)"
1074,2.65,6.5,,,9695.3,1:02:54,1:00:58,28.9,97.3,Run,2016-04-28T11:15:43,0,"[35, 50)",male,"[170, 200)","[70, 100)"
1075,3.344,7.6,,,10665.4,0:57:08,0:53:09,26.3,113.1,Run,2016-04-27T11:30:52,2,"[20, 35)",male,"[170, 200)","[40, 70)"
1077,3.424,7.6,,,9443.5,1:07:25,0:45:58,0.0,87.8,Run,2016-04-26T13:14:33,1,"[20, 35)",female,"[140, 170)","[70, 100)"
1079,2.758,8.0,,,43376.5,4:32:32,4:22:07,1956.9,1251.8,Run,2016-04-23T09:00:21,0,"[35, 50)",male,"[170, 200)","[70, 100)"
1080,2.608,5.2,,,4071.6,0:26:41,0:26:01,17.7,119.0,Run,2016-04-21T18:26:22,0,"[20, 35)",female,"[140, 170)","[70, 100)"
1084,3.204,5.4,147.8,188.0,8036.8,0:45:40,0:41:48,26.1,111.9,Run,2016-04-19T19:16:16,0,"[35, 50)",female,"[140, 170)","[70, 100)"
1085,3.18,6.6,,,4057.4,0:22:56,0:21:16,32.3,209.6,Run,2016-04-16T18:03:29,0,"[35, 50)",female,"[140, 170)","[70, 100)"
1086,2.749,7.3,,,5186.5,0:32:25,0:31:27,106.8,1216.7,Run,2016-04-15T07:44:13,0,"[35, 50)",male,"[170, 200)","[70, 100)"
1087,2.39,8.7,,,10535.9,1:46:16,1:13:29,608.5,1765.4,Run,2016-04-14T12:42:23,0,"[35, 50)",male,"[170, 200)","[70, 100)"
1088,3.172,6.9,,,8069.6,0:44:44,0:42:24,310.5,1500.2,Run,2016-04-13T17:44:12,0,"[20, 35)",male,"[170, 200)","[70, 100)"
1089,2.856,4.2,,,10241.3,1:07:32,0:59:46,180.5,1542.2,Run,2016-04-13T11:03:39,0,"[20, 35)",male,"[170, 200)","[70, 100)"
1090,1.592,5.0,,,11625.1,2:36:41,2:01:40,716.2,1848.0,Run,2016-04-12T11:24:33,0,"[20, 35)",male,"[170, 200)","[70, 100)"
1091,2.285,8.5,,,4789.4,0:42:32,0:34:56,59.3,67.5,Run,2016-04-09T08:26:57,0,"[35, 50)",male,"[170, 200)","[70, 100)"
1092,3.362,6.5,,,15796.5,1:20:59,1:18:19,71.1,120.7,Run,2016-04-05T12:48:32,0,"[35, 50)",male,"[170, 200)","[40, 70)"
1093,3.564,8.8,157.3,183.0,9907.0,0:48:04,0:46:20,26.1,112.8,Run,2016-04-04T12:43:43,0,"[35, 50)",male,"[170, 200)","[70, 100)"
1095,1.465,6.1,,,666.4,0:08:33,0:07:35,92.4,850.5,Run,2016-04-01T10:54:46,0,"[20, 35)",female,"[140, 170)","[70, 100)"
1096,2.543,4.3,,,3308.4,0:26:55,0:21:41,134.9,1073.5,Run,2016-03-31T17:03:18,0,"[35, 50)",male,"[170, 200)","[70, 100)"
1098,3.193,18.8,,,9134.4,0:48:47,0:47:41,427.1,702.9,Run,2016-03-30T12:25:50,3,"[35, 50)",male,"[170, 200)","[70, 100)"
1099,2.368,4.9,121.9,165.0,2162.3,0:20:55,0:15:13,47.8,326.0,Run,2016-03-30T11:49:05,0,"[35, 50)",male,"[170, 200)","[70, 100)"
1100,1.941,5.8,,,6853.3,1:40:31,0:58:50,262.0,748.5,Run,2016-03-29T17:39:58,0,"[35, 50)",male,"[170, 200)","[70, 100)"
1103,3.139,5.6,,,20931.2,1:58:38,1:51:09,47.6,120.0,Run,2016-03-24T12:11:38,0,"[20, 35)",female,"[140, 170)","[70, 100)"
1104,3.138,5.0,,,9635.7,0:52:49,0:51:11,31.3,117.4,Run,2016-03-23T12:22:01,0,"[35, 50)",male,"[170, 200)","[40, 70)"
1105,2.977,10.7,,,9628.4,1:14:59,0:53:54,14.6,111.9,Run,2016-03-22T12:02:52,0,"[20, 35)",male,"[170, 200)","[40, 70)"
1106,3.277,6.5,,,21552.8,1:56:34,1:49:37,92.8,129.9,Run,2016-03-20T08:42:17,0,"[35, 50)",male,"[170, 200)","[70, 100)"
1107,2.68,4.4,,,3057.9,0:19:51,0:19:01,0.0,110.5,Run,2016-03-19T11:45:38,0,"[20, 35)",male,"[170, 200)","[70, 100)"
1108,3.829,7.5,,,9362.9,0:40:55,0:40:45,0.0,110.6,Run,2016-03-19T11:00:34,0,"[20, 35)",male,"[170, 200)","[40, 70)"
1111,3.198,7.1,,,13813.6,1:12:28,1:12:00,121.4,144.3,Run,2016-03-13T10:01:13,0,"[35, 50)",female,"[140, 170)","[70, 100)"
1112,3.213,6.6,,,14016.4,1:16:15,1:12:42,66.5,117.9,Run,2016-03-11T17:11:28,0,"[35, 50)",male,"[170, 200)","[70, 100)"
1113,3.262,6.2,,,15536.6,1:21:53,1:19:23,78.5,117.8,Run,2016-03-09T12:51:24,0,"[35, 50)",female,"[140, 170)","[70, 100)"
1114,2.951,4.7,,,8288.2,0:52:17,0:46:49,38.8,117.8,Run,2016-03-08T20:02:57,0,"[35, 50)",male,"[170, 200)","[70, 100)"
1115,2.612,5.0,,,16494.3,1:48:18,1:45:16,98.5,148.0,Run,2016-03-06T11:10:30,0,"[35, 50)",male,"[170, 200)","[70, 100)"
1118,3.679,7.2,,,16433.1,1:21:25,1:14:27,56.8,120.7,Run,2016-02-03T07:33:56,0,"[35, 50)",female,"[140, 170)","[70, 100)"
